chamber,year,date,province,prov_code,vote,party,lst.nm,fst.nm
HOUSE,2018,2018-06-14,CORDOBA,14,ABSTENCION,CORDOBA FEDERAL,VIGO,ALEJANDRA MARIA
HOUSE,2018,2018-06-14,CIUDAD AUTONOMA DE BUENOS AIRES,2,AFIRMATIVO,COALICION CIVICA,LOPEZ,JUAN MANUEL
HOUSE,2018,2018-06-14,CIUDAD AUTONOMA DE BUENOS AIRES,2,AFIRMATIVO,EVOLUCION RADICAL,CARRIZO,ANA CARLA
HOUSE,2018,2018-06-14,CIUDAD AUTONOMA DE BUENOS AIRES,2,AFIRMATIVO,EVOLUCION RADICAL,LOUSTEAU,MARTIN
HOUSE,2018,2018-06-14,TUCUMAN,90,AFIRMATIVO,EVOLUCION RADICAL,VILLAVICENCIO,MARIA TERESITA
HOUSE,2018,2018-06-14,BUENOS AIRES,6,AFIRMATIVO,FEDERAL UNIDOS POR UNA NUEVA ARGENTINA,ARROYO,DANIEL FERNANDO
HOUSE,2018,2018-06-14,BUENOS AIRES,6,AFIRMATIVO,FEDERAL UNIDOS POR UNA NUEVA ARGENTINA,ASENCIO,FERNANDO
HOUSE,2018,2018-06-14,BUENOS AIRES,6,AFIRMATIVO,FEDERAL UNIDOS POR UNA NUEVA ARGENTINA,DE MENDIGUREN,JOSE IGNACIO
HOUSE,2018,2018-06-14,BUENOS AIRES,6,AFIRMATIVO,FEDERAL UNIDOS POR UNA NUEVA ARGENTINA,MOREAU,CECILIA
HOUSE,2018,2018-06-14,BUENOS AIRES,6,AFIRMATIVO,FEDERAL UNIDOS POR UNA NUEVA ARGENTINA,MOYANO,JUAN FACUNDO
HOUSE,2018,2018-06-14,BUENOS AIRES,6,AFIRMATIVO,FEDERAL UNIDOS POR UNA NUEVA ARGENTINA,PEREZ,RAUL JOAQUIN
HOUSE,2018,2018-06-14,BUENOS AIRES,6,AFIRMATIVO,FEDERAL UNIDOS POR UNA NUEVA ARGENTINA,SOLA,FELIPE CARLOS
HOUSE,2018,2018-06-14,BUENOS AIRES,6,AFIRMATIVO,FEDERAL UNIDOS POR UNA NUEVA ARGENTINA,TUNDIS,MIRTA
HOUSE,2018,2018-06-14,SANTIAGO DEL ESTERO,86,AFIRMATIVO,FRENTE CIVICO POR SANTIAGO,PASTORIZA,MIRTA AMELIANA
HOUSE,2018,2018-06-14,BUENOS AIRES,6,AFIRMATIVO,FRENTE DE IZQUIERDA Y DE LOS TRABAJADORES,DEL PLA,ROMINA
HOUSE,2018,2018-06-14,MISIONES,54,AFIRMATIVO,FRENTE DE LA CONCORDIA MISIONERO,DI STEFANO,DANIEL
HOUSE,2018,2018-06-14,MISIONES,54,AFIRMATIVO,FRENTE DE LA CONCORDIA MISIONERO,FRANCO,JORGE DANIEL
HOUSE,2018,2018-06-14,BUENOS AIRES,6,AFIRMATIVO,FRENTE PARA LA VICTORIA - PJ,ALONSO,LAURA VALERIA
HOUSE,2018,2018-06-14,BUENOS AIRES,6,AFIRMATIVO,FRENTE PARA LA VICTORIA - PJ,ALVAREZ RODRIGUEZ,MARIA CRISTINA
HOUSE,2018,2018-06-14,FORMOSA,34,AFIRMATIVO,FRENTE PARA LA VICTORIA - PJ,BASTERRA,LUIS EUGENIO
HOUSE,2018,2018-06-14,MISIONES,54,AFIRMATIVO,FRENTE PARA LA VICTORIA - PJ,BRITEZ,MARIA CRISTINA
HOUSE,2018,2018-06-14,CIUDAD AUTONOMA DE BUENOS AIRES,2,AFIRMATIVO,FRENTE PARA LA VICTORIA - PJ,CABANDIE,JUAN
HOUSE,2018,2018-06-14,MENDOZA,50,AFIRMATIVO,FRENTE PARA LA VICTORIA - PJ,CARMONA,GUILLERMO RAMON
HOUSE,2018,2018-06-14,TIERRA DEL FUEGO,94,AFIRMATIVO,FRENTE PARA LA VICTORIA - PJ,CAROL,ANALUZ AILEN
HOUSE,2018,2018-06-14,CORDOBA,14,AFIRMATIVO,FRENTE PARA LA VICTORIA - PJ,CARRO,PABLO
HOUSE,2018,2018-06-14,BUENOS AIRES,6,AFIRMATIVO,FRENTE PARA LA VICTORIA - PJ,CASTAGNETO,CARLOS DANIEL
HOUSE,2018,2018-06-14,CIUDAD AUTONOMA DE BUENOS AIRES,2,AFIRMATIVO,FRENTE PARA LA VICTORIA - PJ,CERRUTI,GABRIELA
HOUSE,2018,2018-06-14,NEUQUEN,58,AFIRMATIVO,FRENTE PARA LA VICTORIA - PJ,CIAMPINI,JOSE ALBERTO
HOUSE,2018,2018-06-14,SANTA FE,82,AFIRMATIVO,FRENTE PARA LA VICTORIA - PJ,CLERI,MARCOS
HOUSE,2018,2018-06-14,BUENOS AIRES,6,AFIRMATIVO,FRENTE PARA LA VICTORIA - PJ,CORREA,WALTER
HOUSE,2018,2018-06-14,BUENOS AIRES,6,AFIRMATIVO,FRENTE PARA LA VICTORIA - PJ,DE PEDRO,EDUARDO ENRIQUE
HOUSE,2018,2018-06-14,RIO NEGRO,62,AFIRMATIVO,FRENTE PARA LA VICTORIA - PJ,DOÑATE,CLAUDIO MARTIN
HOUSE,2018,2018-06-14,BUENOS AIRES,6,AFIRMATIVO,FRENTE PARA LA VICTORIA - PJ,ESPINOZA,FERNANDO
HOUSE,2018,2018-06-14,CORDOBA,14,AFIRMATIVO,FRENTE PARA LA VICTORIA - PJ,ESTEVEZ,GABRIELA BEATRIZ
HOUSE,2018,2018-06-14,CIUDAD AUTONOMA DE BUENOS AIRES,2,AFIRMATIVO,FRENTE PARA LA VICTORIA - PJ,FILMUS,DANIEL
HOUSE,2018,2018-06-14,BUENOS AIRES,6,AFIRMATIVO,FRENTE PARA LA VICTORIA - PJ,FURLAN,FRANCISCO ABEL
HOUSE,2018,2018-06-14,CIUDAD AUTONOMA DE BUENOS AIRES,2,AFIRMATIVO,FRENTE PARA LA VICTORIA - PJ,GARRE,NILDA CELIA
HOUSE,2018,2018-06-14,SANTA FE,82,AFIRMATIVO,FRENTE PARA LA VICTORIA - PJ,GONZALEZ,JOSEFINA VICTORIA
HOUSE,2018,2018-06-14,BUENOS AIRES,6,AFIRMATIVO,FRENTE PARA LA VICTORIA - PJ,GRANA,ADRIAN EDUARDO
HOUSE,2018,2018-06-14,BUENOS AIRES,6,AFIRMATIVO,FRENTE PARA LA VICTORIA - PJ,GUERIN,MARIA ISABEL
HOUSE,2018,2018-06-14,ENTRE RIOS,30,AFIRMATIVO,FRENTE PARA LA VICTORIA - PJ,HUSS,JUAN  MANUEL
HOUSE,2018,2018-06-14,CHUBUT,26,AFIRMATIVO,FRENTE PARA LA VICTORIA - PJ,IGON,SANTIAGO NICOLAS
HOUSE,2018,2018-06-14,CIUDAD AUTONOMA DE BUENOS AIRES,2,AFIRMATIVO,FRENTE PARA LA VICTORIA - PJ,KICILLOF,AXEL
HOUSE,2018,2018-06-14,SANTA CRUZ,78,AFIRMATIVO,FRENTE PARA LA VICTORIA - PJ,KIRCHNER,MAXIMO CARLOS
HOUSE,2018,2018-06-14,CIUDAD AUTONOMA DE BUENOS AIRES,2,AFIRMATIVO,FRENTE PARA LA VICTORIA - PJ,LARROQUE,ANDRES
HOUSE,2018,2018-06-14,BUENOS AIRES,6,AFIRMATIVO,FRENTE PARA LA VICTORIA - PJ,MACHA,MONICA
HOUSE,2018,2018-06-14,NEUQUEN,58,AFIRMATIVO,FRENTE PARA LA VICTORIA - PJ,MARTINEZ,DARIO
HOUSE,2018,2018-06-14,CHACO,22,AFIRMATIVO,FRENTE PARA LA VICTORIA - PJ,MASIN,MARIA LUCILA
HOUSE,2018,2018-06-14,BUENOS AIRES,6,AFIRMATIVO,FRENTE PARA LA VICTORIA - PJ,MENDOZA,MAYRA SOLEDAD
HOUSE,2018,2018-06-14,CATAMARCA,10,AFIRMATIVO,FRENTE PARA LA VICTORIA - PJ,MERCADO,VERONICA ELIZABETH
HOUSE,2018,2018-06-14,BUENOS AIRES,6,AFIRMATIVO,FRENTE PARA LA VICTORIA - PJ,MOREAU,LEOPOLDO RAUL GUIDO
HOUSE,2018,2018-06-14,TIERRA DEL FUEGO,94,AFIRMATIVO,FRENTE PARA LA VICTORIA - PJ,PEREZ,MARTIN ALEJANDRO
HOUSE,2018,2018-06-14,BUENOS AIRES,6,AFIRMATIVO,FRENTE PARA LA VICTORIA - PJ,PIETRAGALLA CORTI,HORACIO
HOUSE,2018,2018-06-14,CHACO,22,AFIRMATIVO,FRENTE PARA LA VICTORIA - PJ,RACH QUIROGA,ANALIA ALEXANDRA
HOUSE,2018,2018-06-14,BUENOS AIRES,6,AFIRMATIVO,FRENTE PARA LA VICTORIA - PJ,RAVERTA,MARIA FERNANDA
HOUSE,2018,2018-06-14,TIERRA DEL FUEGO,94,AFIRMATIVO,FRENTE PARA LA VICTORIA - PJ,RODRIGUEZ,MATIAS DAVID
HOUSE,2018,2018-06-14,BUENOS AIRES,6,AFIRMATIVO,FRENTE PARA LA VICTORIA - PJ,RODRIGUEZ,RODRIGO MARTIN
HOUSE,2018,2018-06-14,SANTA FE,82,AFIRMATIVO,FRENTE PARA LA VICTORIA - PJ,ROSSI,AGUSTIN
HOUSE,2018,2018-06-14,CORRIENTES,18,AFIRMATIVO,FRENTE PARA LA VICTORIA - PJ,RUIZ ARAGON,JOSE ARNALDO
HOUSE,2018,2018-06-14,BUENOS AIRES,6,AFIRMATIVO,FRENTE PARA LA VICTORIA - PJ,RUSSO,LAURA
HOUSE,2018,2018-06-14,BUENOS AIRES,6,AFIRMATIVO,FRENTE PARA LA VICTORIA - PJ,SALVAREZZA,ROBERTO
HOUSE,2018,2018-06-14,TUCUMAN,90,AFIRMATIVO,FRENTE PARA LA VICTORIA - PJ,SANTILLAN,WALTER MARCELO
HOUSE,2018,2018-06-14,BUENOS AIRES,6,AFIRMATIVO,FRENTE PARA LA VICTORIA - PJ,SCIOLI,DANIEL
HOUSE,2018,2018-06-14,BUENOS AIRES,6,AFIRMATIVO,FRENTE PARA LA VICTORIA - PJ,SIERRA,MAGDALENA
HOUSE,2018,2018-06-14,BUENOS AIRES,6,AFIRMATIVO,FRENTE PARA LA VICTORIA - PJ,SILEY,VANESA
HOUSE,2018,2018-06-14,RIO NEGRO,62,AFIRMATIVO,FRENTE PARA LA VICTORIA - PJ,SORIA,MARIA EMILIA
HOUSE,2018,2018-06-14,BUENOS AIRES,6,AFIRMATIVO,FRENTE PARA LA VICTORIA - PJ,TAILHADE,LUIS RODOLFO
HOUSE,2018,2018-06-14,BUENOS AIRES,6,AFIRMATIVO,FRENTE PARA LA VICTORIA - PJ,VALLEJOS,MARIA FERNANDA
HOUSE,2018,2018-06-14,SANTA CRUZ,78,AFIRMATIVO,FRENTE PARA LA VICTORIA - PJ,VAZQUEZ,JUAN BENEDICTO
HOUSE,2018,2018-06-14,BUENOS AIRES,6,AFIRMATIVO,FRENTE PARA LA VICTORIA - PJ,VOLNOVICH,LUANA
HOUSE,2018,2018-06-14,BUENOS AIRES,6,AFIRMATIVO,FRENTE PARA LA VICTORIA - PJ,YASKY,HUGO
HOUSE,2018,2018-06-14,ENTRE RIOS,30,AFIRMATIVO,JUSTICIALISTA,BAHILLO,JUANJO
HOUSE,2018,2018-06-14,BUENOS AIRES,6,AFIRMATIVO,JUSTICIALISTA,BUCCA,EDUARDO
HOUSE,2018,2018-06-14,LA PAMPA,42,AFIRMATIVO,JUSTICIALISTA,DELU,MELINA AIDA
HOUSE,2018,2018-06-14,LA RIOJA,46,AFIRMATIVO,JUSTICIALISTA,HERRERA,LUIS BEDER
HOUSE,2018,2018-06-14,MENDOZA,50,AFIRMATIVO,JUSTICIALISTA,MIRANDA,PEDRO RUBEN
HOUSE,2018,2018-06-14,JUJUY,38,AFIRMATIVO,JUSTICIALISTA,MOISES,MARIA CAROLINA
HOUSE,2018,2018-06-14,LA PAMPA,42,AFIRMATIVO,JUSTICIALISTA,RAUSCHENBERGER,ARIEL
HOUSE,2018,2018-06-14,LA PAMPA,42,AFIRMATIVO,JUSTICIALISTA,ZILIOTTO,SERGIO RAUL
HOUSE,2018,2018-06-14,TUCUMAN,90,AFIRMATIVO,JUSTICIALISTA POR TUCUMAN,YEDLIN,PABLO RAUL
HOUSE,2018,2018-06-14,CIUDAD AUTONOMA DE BUENOS AIRES,2,AFIRMATIVO,LIBRES DEL SUR,DONDA PEREZ,VICTORIA ANALIA
HOUSE,2018,2018-06-14,SANTA FE,82,AFIRMATIVO,NUEVO ESPACIO SANTAFESINO,RODENAS,ALEJANDRA
HOUSE,2018,2018-06-14,SANTA FE,82,AFIRMATIVO,PERONISMO PARA LA VICTORIA,DE PONTI,LUCILA MARIA
HOUSE,2018,2018-06-14,CORRIENTES,18,AFIRMATIVO,PERONISMO PARA LA VICTORIA,FERREYRA,ARACELI SUSANA DEL ROSARIO
HOUSE,2018,2018-06-14,BUENOS AIRES,6,AFIRMATIVO,PERONISMO PARA LA VICTORIA,GROSSO,LEONARDO
HOUSE,2018,2018-06-14,RIO NEGRO,62,AFIRMATIVO,PERONISMO PARA LA VICTORIA,HORNE,SILVIA RENEE
HOUSE,2018,2018-06-14,SANTA FE,82,AFIRMATIVO,PRIMERO ARGENTINA,RAMOS,ALEJANDRO ARIEL
HOUSE,2018,2018-06-14,BUENOS AIRES,6,AFIRMATIVO,PRO,ACERENZA,SAMANTA MARIA CELESTE
HOUSE,2018,2018-06-14,CORRIENTES,18,AFIRMATIVO,PRO,BRAMBILLA,SOFIA
HOUSE,2018,2018-06-14,BUENOS AIRES,6,AFIRMATIVO,PRO,BUIL,SERGIO OMAR
HOUSE,2018,2018-06-14,CIUDAD AUTONOMA DE BUENOS AIRES,2,AFIRMATIVO,PRO,GARCIA,ALEJANDRO
HOUSE,2018,2018-06-14,ENTRE RIOS,30,AFIRMATIVO,PRO,GAYOL,YANINA CELESTE
HOUSE,2018,2018-06-14,CIUDAD AUTONOMA DE BUENOS AIRES,2,AFIRMATIVO,PRO,HERS CABRAL,ANABELLA RUTH
HOUSE,2018,2018-06-14,CIUDAD AUTONOMA DE BUENOS AIRES,2,AFIRMATIVO,PRO,IGLESIAS,FERNANDO ADOLFO
HOUSE,2018,2018-06-14,BUENOS AIRES,6,AFIRMATIVO,PRO,LIPOVETZKY,DANIEL ANDRES
HOUSE,2018,2018-06-14,NEUQUEN,58,AFIRMATIVO,PRO,LOPEZ KOENIG,LEANDRO GASTON
HOUSE,2018,2018-06-14,BUENOS AIRES,6,AFIRMATIVO,PRO,LOSPENNATO,SILVIA GABRIELA
HOUSE,2018,2018-06-14,BUENOS AIRES,6,AFIRMATIVO,PRO,OCAÑA,MARIA GRACIELA
HOUSE,2018,2018-06-14,TIERRA DEL FUEGO,94,AFIRMATIVO,PRO,ROMA,CARLOS GASTON
HOUSE,2018,2018-06-14,TIERRA DEL FUEGO,94,AFIRMATIVO,PRO,STEFANI,HECTOR ANTONIO
HOUSE,2018,2018-06-14,CIUDAD AUTONOMA DE BUENOS AIRES,2,AFIRMATIVO,PRO,VILLALONGA,JUAN CARLOS
HOUSE,2018,2018-06-14,CIUDAD AUTONOMA DE BUENOS AIRES,2,AFIRMATIVO,PRO,WECHSLER,MARCELO GERMAN
HOUSE,2018,2018-06-14,RIO NEGRO,62,AFIRMATIVO,PRO,WISKY,SERGIO JAVIER
HOUSE,2018,2018-06-14,BUENOS AIRES,6,AFIRMATIVO,PRO,WOLFF,WALDO EZEQUIEL
HOUSE,2018,2018-06-14,BUENOS AIRES,6,AFIRMATIVO,PTS - FRENTE DE IZQUIERDA,DEL CAÑO,NICOLAS
HOUSE,2018,2018-06-14,BUENOS AIRES,6,AFIRMATIVO,PTS - FRENTE DE IZQUIERDA,GONZALEZ SELIGRA,NATHALIA
HOUSE,2018,2018-06-14,CORDOBA,14,AFIRMATIVO,UNION CIVICA RADICAL,AUSTIN,BRENDA LIS
HOUSE,2018,2018-06-14,CHACO,22,AFIRMATIVO,UNION CIVICA RADICAL,AYALA,AIDA BEATRIZ MAXIMA
HOUSE,2018,2018-06-14,BUENOS AIRES,6,AFIRMATIVO,UNION CIVICA RADICAL,BANFI,KARINA VERONICA
HOUSE,2018,2018-06-14,BUENOS AIRES,6,AFIRMATIVO,UNION CIVICA RADICAL,BAZZE,MIGUEL ANGEL
HOUSE,2018,2018-06-14,ENTRE RIOS,30,AFIRMATIVO,UNION CIVICA RADICAL,BENEDETTI,ATILIO FRANCISCO SALVADOR
HOUSE,2018,2018-06-14,MENDOZA,50,AFIRMATIVO,UNION CIVICA RADICAL,BORSANI,LUIS GUSTAVO
HOUSE,2018,2018-06-14,SANTA FE,82,AFIRMATIVO,UNION CIVICA RADICAL,CANTARD,ALBOR ANGEL
HOUSE,2018,2018-06-14,SANTA FE,82,AFIRMATIVO,UNION CIVICA RADICAL,DEL CERRO,GONZALO PEDRO ANTONIO
HOUSE,2018,2018-06-14,BUENOS AIRES,6,AFIRMATIVO,UNION CIVICA RADICAL,ECHEGARAY,ALEJANDRO CARLOS AUGUSTO
HOUSE,2018,2018-06-14,BUENOS AIRES,6,AFIRMATIVO,UNION CIVICA RADICAL,FERNANDEZ,CARLOS ALBERTO
HOUSE,2018,2018-06-14,LA PAMPA,42,AFIRMATIVO,UNION CIVICA RADICAL,KRONEBERGER,DANIEL RICARDO
HOUSE,2018,2018-06-14,ENTRE RIOS,30,AFIRMATIVO,UNION CIVICA RADICAL,LACOSTE,JORGE ENRIQUE
HOUSE,2018,2018-06-14,SANTA FE,82,AFIRMATIVO,UNION CIVICA RADICAL,MARCUCCI,HUGO MARIA
HOUSE,2018,2018-06-14,JUJUY,38,AFIRMATIVO,UNION CIVICA RADICAL,MARTINEZ,SILVIA ALEJANDRA
HOUSE,2018,2018-06-14,RIO NEGRO,62,AFIRMATIVO,UNION CIVICA RADICAL,MATZEN,LORENA
HOUSE,2018,2018-06-14,BUENOS AIRES,6,AFIRMATIVO,UNION CIVICA RADICAL,MENDOZA,JOSEFINA
HOUSE,2018,2018-06-14,CHUBUT,26,AFIRMATIVO,UNION CIVICA RADICAL,MENNA,GUSTAVO
HOUSE,2018,2018-06-14,MENDOZA,50,AFIRMATIVO,UNION CIVICA RADICAL,NAJUL,CLAUDIA INES
HOUSE,2018,2018-06-14,CORDOBA,14,AFIRMATIVO,UNION CIVICA RADICAL,NEGRI,MARIO RAUL
HOUSE,2018,2018-06-14,BUENOS AIRES,6,AFIRMATIVO,UNION CIVICA RADICAL,QUETGLAS,FABIO JOSE
HOUSE,2018,2018-06-14,SANTA CRUZ,78,AFIRMATIVO,UNION CIVICA RADICAL,REYES,ROXANA NAHIR
HOUSE,2018,2018-06-14,SAN LUIS,74,AFIRMATIVO,UNION CIVICA RADICAL,RICCARDO,JOSE LUIS
HOUSE,2018,2018-06-14,CORDOBA,14,AFIRMATIVO,UNION CIVICA RADICAL,RISTA,OLGA MARIA
HOUSE,2018,2018-06-14,CIUDAD AUTONOMA DE BUENOS AIRES,2,AFIRMATIVO,UNION CIVICA RADICAL,SUAREZ LASTRA,FACUNDO
HOUSE,2018,2018-06-14,BUENOS AIRES,6,AUSENTE,FRENTE PARA LA VICTORIA - PJ,DE VIDO,JULIO (SUSPENDIDO ART 70 C.N.)
HOUSE,2018,2018-06-14,BUENOS AIRES,6,NEGATIVO,COALICION CIVICA,CAMPAGNOLI,MARCELA
HOUSE,2018,2018-06-14,BUENOS AIRES,6,NEGATIVO,COALICION CIVICA,CAMPOS,JAVIER
HOUSE,2018,2018-06-14,CIUDAD AUTONOMA DE BUENOS AIRES,2,NEGATIVO,COALICION CIVICA,CARRIO,ELISA MARIA AVELINA
HOUSE,2018,2018-06-14,BUENOS AIRES,6,NEGATIVO,COALICION CIVICA,FLORES,HECTOR TOTY
HOUSE,2018,2018-06-14,SANTA FE,82,NEGATIVO,COALICION CIVICA,LEHMANN,MARIA LUCILA
HOUSE,2018,2018-06-14,CORDOBA,14,NEGATIVO,COALICION CIVICA,MARTINEZ VILLADA,LEONOR MARIA
HOUSE,2018,2018-06-14,CIUDAD AUTONOMA DE BUENOS AIRES,2,NEGATIVO,COALICION CIVICA,OLIVETO LAGO,PAULA MARIANA
HOUSE,2018,2018-06-14,CHACO,22,NEGATIVO,COALICION CIVICA,TERADA,ALICIA
HOUSE,2018,2018-06-14,CATAMARCA,10,NEGATIVO,COALICION CIVICA,VERA GONZALEZ,ORIETA CECILIA
HOUSE,2018,2018-06-14,CORDOBA,14,NEGATIVO,CONCERTACION FORJA,PEREYRA,JUAN MANUEL
HOUSE,2018,2018-06-14,CORDOBA,14,NEGATIVO,CORDOBA FEDERAL,BRÜGGE,JUAN FERNANDO
HOUSE,2018,2018-06-14,CORDOBA,14,NEGATIVO,CORDOBA FEDERAL,CASSINERIO,PAULO LEONARDO
HOUSE,2018,2018-06-14,CORDOBA,14,NEGATIVO,CORDOBA FEDERAL,LLARYORA,MARTIN MIGUEL
HOUSE,2018,2018-06-14,CORDOBA,14,NEGATIVO,CORDOBA TRABAJO Y PRODUCCION,NAZARIO,ADRIANA MONICA
HOUSE,2018,2018-06-14,CHUBUT,26,NEGATIVO,"CULTURA, EDUCACION Y TRABAJO",TABOADA,JORGE
HOUSE,2018,2018-06-14,CATAMARCA,10,NEGATIVO,ELIJO CATAMARCA,GINOCCHIO,SILVANA MICAELA
HOUSE,2018,2018-06-14,CATAMARCA,10,NEGATIVO,ELIJO CATAMARCA,SAADI,GUSTAVO ARTURO
HOUSE,2018,2018-06-14,BUENOS AIRES,6,NEGATIVO,FEDERAL UNIDOS POR UNA NUEVA ARGENTINA,BEVILACQUA,GUSTAVO
HOUSE,2018,2018-06-14,BUENOS AIRES,6,NEGATIVO,FEDERAL UNIDOS POR UNA NUEVA ARGENTINA,CAMAÑO,GRACIELA
HOUSE,2018,2018-06-14,SANTA FE,82,NEGATIVO,FEDERAL UNIDOS POR UNA NUEVA ARGENTINA,GRANDINETTI,ALEJANDRO ARIEL
HOUSE,2018,2018-06-14,CIUDAD AUTONOMA DE BUENOS AIRES,2,NEGATIVO,FEDERAL UNIDOS POR UNA NUEVA ARGENTINA,LAVAGNA,MARCO
HOUSE,2018,2018-06-14,SANTA FE,82,NEGATIVO,FEDERAL UNIDOS POR UNA NUEVA ARGENTINA,MASSETANI,VANESA LAURA
HOUSE,2018,2018-06-14,SANTIAGO DEL ESTERO,86,NEGATIVO,FEDERAL UNIDOS POR UNA NUEVA ARGENTINA,MORALES,MARIANA ELIZABET
HOUSE,2018,2018-06-14,BUENOS AIRES,6,NEGATIVO,FEDERAL UNIDOS POR UNA NUEVA ARGENTINA,PASSO,MARCELA FABIANA
HOUSE,2018,2018-06-14,CIUDAD AUTONOMA DE BUENOS AIRES,2,NEGATIVO,FEDERAL UNIDOS POR UNA NUEVA ARGENTINA,PITIOT,CARLA BETINA
HOUSE,2018,2018-06-14,BUENOS AIRES,6,NEGATIVO,FEDERAL UNIDOS POR UNA NUEVA ARGENTINA,SELVA,CARLOS AMERICO
HOUSE,2018,2018-06-14,JUJUY,38,NEGATIVO,FEDERAL UNIDOS POR UNA NUEVA ARGENTINA,SNOPEK,ALEJANDRO
HOUSE,2018,2018-06-14,SANTIAGO DEL ESTERO,86,NEGATIVO,FRENTE CIVICO POR SANTIAGO,ABDALA DE MATARAZZO,NORMA AMANDA
HOUSE,2018,2018-06-14,SANTIAGO DEL ESTERO,86,NEGATIVO,FRENTE CIVICO POR SANTIAGO,INFANTE,HUGO ORLANDO
HOUSE,2018,2018-06-14,SANTIAGO DEL ESTERO,86,NEGATIVO,FRENTE CIVICO POR SANTIAGO,NAVARRO,GRACIELA
HOUSE,2018,2018-06-14,SANTIAGO DEL ESTERO,86,NEGATIVO,FRENTE CIVICO POR SANTIAGO,NEDER,ESTELA MARY DEL ROSARIO
HOUSE,2018,2018-06-14,SANTIAGO DEL ESTERO,86,NEGATIVO,FRENTE CIVICO POR SANTIAGO,ZAMORA,CLAUDIA
HOUSE,2018,2018-06-14,MISIONES,54,NEGATIVO,FRENTE DE LA CONCORDIA MISIONERO,DERNA,VERONICA
HOUSE,2018,2018-06-14,MISIONES,54,NEGATIVO,FRENTE DE LA CONCORDIA MISIONERO,MORALES,FLAVIA
HOUSE,2018,2018-06-14,MISIONES,54,NEGATIVO,FRENTE DE LA CONCORDIA MISIONERO,WELLBACH,RICARDO
HOUSE,2018,2018-06-14,SAN JUAN,70,NEGATIVO,FRENTE PARA LA VICTORIA - PJ,CASTRO,SANDRA DANIELA
HOUSE,2018,2018-06-14,FORMOSA,34,NEGATIVO,FRENTE PARA LA VICTORIA - PJ,FERNANDEZ PATRI,GUSTAVO RAMIRO
HOUSE,2018,2018-06-14,SANTA FE,82,NEGATIVO,FRENTE PARA LA VICTORIA - PJ,FRANA,SILVINA PATRICIA
HOUSE,2018,2018-06-14,SAN JUAN,70,NEGATIVO,FRENTE PARA LA VICTORIA - PJ,GIOJA,JOSE LUIS
HOUSE,2018,2018-06-14,SALTA,66,NEGATIVO,FRENTE PARA LA VICTORIA - PJ,LEAVY,SERGIO NAPOLEON
HOUSE,2018,2018-06-14,CHUBUT,26,NEGATIVO,FRENTE PARA LA VICTORIA - PJ,LLANOS MASSA,ANA MARIA
HOUSE,2018,2018-06-14,FORMOSA,34,NEGATIVO,FRENTE PARA LA VICTORIA - PJ,LOTTO,INES BEATRIZ
HOUSE,2018,2018-06-14,CORRIENTES,18,NEGATIVO,FRENTE PARA LA VICTORIA - PJ,ROMERO,JORGE ANTONIO
HOUSE,2018,2018-06-14,ENTRE RIOS,30,NEGATIVO,FRENTE PARA LA VICTORIA - PJ,SOLANAS,JULIO RODOLFO
HOUSE,2018,2018-06-14,TUCUMAN,90,NEGATIVO,FRENTE PARA LA VICTORIA - PJ,SORAIRE,MIRTA ALICIA
HOUSE,2018,2018-06-14,SANTA FE,82,NEGATIVO,FRENTE PROGRESISTA CIVICO Y SOCIAL,CONTIGIANI,LUIS GUSTAVO
HOUSE,2018,2018-06-14,CATAMARCA,10,NEGATIVO,FTE. CIVICO Y SOCIAL DE CATAMARCA,BRIZUELA DEL MORAL,EDUARDO SEGUNDO
HOUSE,2018,2018-06-14,BUENOS AIRES,6,NEGATIVO,JUSTICIALISTA,BOSSIO,DIEGO LUIS
HOUSE,2018,2018-06-14,ENTRE RIOS,30,NEGATIVO,JUSTICIALISTA,CRESTO,MAYDA
HOUSE,2018,2018-06-14,SALTA,66,NEGATIVO,JUSTICIALISTA,DAVID,JAVIER
HOUSE,2018,2018-06-14,LA RIOJA,46,NEGATIVO,JUSTICIALISTA,FLORES,DANILO ADRIAN
HOUSE,2018,2018-06-14,SALTA,66,NEGATIVO,JUSTICIALISTA,KOSINER,PABLO FRANCISCO JUAN
HOUSE,2018,2018-06-14,CORRIENTES,18,NEGATIVO,JUSTICIALISTA,MACIAS,OSCAR ALBERTO
HOUSE,2018,2018-06-14,JUJUY,38,NEGATIVO,JUSTICIALISTA,MARTIARENA,JOSE LUIS
HOUSE,2018,2018-06-14,CHACO,22,NEGATIVO,JUSTICIALISTA,MOSQUEDA,JUAN
HOUSE,2018,2018-06-14,CHACO,22,NEGATIVO,JUSTICIALISTA,PERTILE,ELDA
HOUSE,2018,2018-06-14,SALTA,66,NEGATIVO,JUSTICIALISTA,ZOTTOS,MIGUEL ANDRES COSTAS
HOUSE,2018,2018-06-14,TUCUMAN,90,NEGATIVO,JUSTICIALISTA POR TUCUMAN,MEDINA,GLADYS
HOUSE,2018,2018-06-14,TUCUMAN,90,NEGATIVO,JUSTICIALISTA POR TUCUMAN,ORELLANA,JOSE FERNANDO
HOUSE,2018,2018-06-14,NEUQUEN,58,NEGATIVO,MOVIMIENTO POPULAR NEUQUINO,SAPAG,ALMA LILIANA
HOUSE,2018,2018-06-14,SAN JUAN,70,NEGATIVO,PARTIDO BLOQUISTA DE SAN JUAN,CASELLES,GRACIELA MARIA
HOUSE,2018,2018-06-14,MENDOZA,50,NEGATIVO,PARTIDO INTRANSIGENTE DE MENDOZA,RAMON,JOSE LUIS
HOUSE,2018,2018-06-14,TUCUMAN,90,NEGATIVO,PARTIDO POR LA JUSTICIA SOCIAL,AVILA,BEATRIZ LUISA
HOUSE,2018,2018-06-14,BUENOS AIRES,6,NEGATIVO,PRO,AICEGA,JUAN
HOUSE,2018,2018-06-14,BUENOS AIRES,6,NEGATIVO,PRO,AMADEO,EDUARDO PABLO
HOUSE,2018,2018-06-14,BUENOS AIRES,6,NEGATIVO,PRO,ANSALONI,PABLO MIGUEL
HOUSE,2018,2018-06-14,CORDOBA,14,NEGATIVO,PRO,BALDASSI,HECTOR WALTER
HOUSE,2018,2018-06-14,BUENOS AIRES,6,NEGATIVO,PRO,BERISSO,HERNAN
HOUSE,2018,2018-06-14,MENDOZA,50,NEGATIVO,PRO,BRAGAGNOLO,SEBASTIAN
HOUSE,2018,2018-06-14,SAN JUAN,70,NEGATIVO,PRO,CACERES,EDUARDO AUGUSTO
HOUSE,2018,2018-06-14,SANTA CRUZ,78,NEGATIVO,PRO,CARAMBIA,ANTONIO JOSE
HOUSE,2018,2018-06-14,CIUDAD AUTONOMA DE BUENOS AIRES,2,NEGATIVO,PRO,ENRIQUEZ,JORGE RICARDO
HOUSE,2018,2018-06-14,BUENOS AIRES,6,NEGATIVO,PRO,FERNANDEZ LANGAN,EZEQUIEL
HOUSE,2018,2018-06-14,ENTRE RIOS,30,NEGATIVO,PRO,FREGONESE,ALICIA
HOUSE,2018,2018-06-14,CORDOBA,14,NEGATIVO,PRO,FRIZZA,GABRIEL ALBERTO
HOUSE,2018,2018-06-14,TUCUMAN,90,NEGATIVO,PRO,GARRETON,FACUNDO
HOUSE,2018,2018-06-14,CIUDAD AUTONOMA DE BUENOS AIRES,2,NEGATIVO,PRO,GONZALEZ,ALVARO GUSTAVO
HOUSE,2018,2018-06-14,SALTA,66,NEGATIVO,PRO,GRANDE,MARTIN
HOUSE,2018,2018-06-14,MENDOZA,50,NEGATIVO,PRO,HUCZAK,STELLA MARIS
HOUSE,2018,2018-06-14,SANTA FE,82,NEGATIVO,PRO,HUMMEL,ASTRID
HOUSE,2018,2018-06-14,SANTA FE,82,NEGATIVO,PRO,INCICCO,LUCAS CIRIACO
HOUSE,2018,2018-06-14,SANTA FE,82,NEGATIVO,PRO,LASPINA,LUCIANO ANDRES
HOUSE,2018,2018-06-14,LA PAMPA,42,NEGATIVO,PRO,MAQUIEYRA,MARTIN
HOUSE,2018,2018-06-14,CORDOBA,14,NEGATIVO,PRO,MASSOT,NICOLAS MARIA
HOUSE,2018,2018-06-14,BUENOS AIRES,6,NEGATIVO,PRO,MEDINA,MARTIN NICOLAS
HOUSE,2018,2018-06-14,LA RIOJA,46,NEGATIVO,PRO,MOLINA,KARINA ALEJANDRA
HOUSE,2018,2018-06-14,JUJUY,38,NEGATIVO,PRO,MONALDI,OSMAR
HOUSE,2018,2018-06-14,BUENOS AIRES,6,NEGATIVO,PRO,MONTENEGRO,GUILLERMO TRISTAN
HOUSE,2018,2018-06-14,SANTA FE,82,NEGATIVO,PRO,NUÑEZ,JOSE CARLOS
HOUSE,2018,2018-06-14,BUENOS AIRES,6,NEGATIVO,PRO,PICCOLOMINI,MARIA CARLA
HOUSE,2018,2018-06-14,CIUDAD AUTONOMA DE BUENOS AIRES,2,NEGATIVO,PRO,POLLEDO,CARMEN
HOUSE,2018,2018-06-14,CORDOBA,14,NEGATIVO,PRO,PRETTO,PEDRO JAVIER
HOUSE,2018,2018-06-14,LA RIOJA,46,NEGATIVO,PRO,SAHAD,JULIO ENRIQUE
HOUSE,2018,2018-06-14,SANTA FE,82,NEGATIVO,PRO,SCAGLIA,GISELA
HOUSE,2018,2018-06-14,NEUQUEN,58,NEGATIVO,PRO,SCHLERETH,DAVID PABLO
HOUSE,2018,2018-06-14,CIUDAD AUTONOMA DE BUENOS AIRES,2,NEGATIVO,PRO,SCHMIDT LIERMANN,CORNELIA
HOUSE,2018,2018-06-14,CIUDAD AUTONOMA DE BUENOS AIRES,2,NEGATIVO,PRO,TONELLI,PABLO GABRIEL
HOUSE,2018,2018-06-14,BUENOS AIRES,6,NEGATIVO,PRO,TORELLO,PABLO
HOUSE,2018,2018-06-14,BUENOS AIRES,6,NEGATIVO,PRO,URROZ,PAULA
HOUSE,2018,2018-06-14,BUENOS AIRES,6,NEGATIVO,PRO,VILLA,NATALIA SOLEDAD
HOUSE,2018,2018-06-14,SALTA,66,NEGATIVO,SALTA SOMOS TODOS,OLMEDO,ALFREDO HORACIO
HOUSE,2018,2018-06-14,MENDOZA,50,NEGATIVO,SOMOS MENDOZA,FELIX,OMAR
HOUSE,2018,2018-06-14,SAN JUAN,70,NEGATIVO,SOMOS SAN JUAN,PEÑALOZA MARIANETTI,MARIA FLORENCIA
HOUSE,2018,2018-06-14,SAN JUAN,70,NEGATIVO,TODOS JUNTOS POR SAN JUAN,ALLENDE,WALBERTO ENRIQUE
HOUSE,2018,2018-06-14,CHUBUT,26,NEGATIVO,TRABAJO Y DIGNIDAD,MUÑOZ,ROSA ROSARIO
HOUSE,2018,2018-06-14,SAN LUIS,74,NEGATIVO,UNIDAD JUSTICIALISTA,ALUME SBODIO,KARIM AUGUSTO
HOUSE,2018,2018-06-14,SAN LUIS,74,NEGATIVO,UNIDAD JUSTICIALISTA,BIANCHI,IVANA MARIA
HOUSE,2018,2018-06-14,SAN LUIS,74,NEGATIVO,UNIDAD JUSTICIALISTA,ROSSO,VICTORIA
HOUSE,2018,2018-06-14,SAN LUIS,74,NEGATIVO,UNIDAD JUSTICIALISTA,VALLONE,ANDRES ALBERTO
HOUSE,2018,2018-06-14,FORMOSA,34,NEGATIVO,UNION CIVICA RADICAL,ARCE,MARIO HORACIO
HOUSE,2018,2018-06-14,JUJUY,38,NEGATIVO,UNION CIVICA RADICAL,BURGOS,MARIA GABRIELA
HOUSE,2018,2018-06-14,TUCUMAN,90,NEGATIVO,UNION CIVICA RADICAL,CANO,JOSE MANUEL
HOUSE,2018,2018-06-14,CORDOBA,14,NEGATIVO,UNION CIVICA RADICAL,CARRIZO,SOLEDAD
HOUSE,2018,2018-06-14,CORRIENTES,18,NEGATIVO,UNION CIVICA RADICAL,DINDART,JULIAN
HOUSE,2018,2018-06-14,CHACO,22,NEGATIVO,UNION CIVICA RADICAL,GOICOECHEA,HORACIO
HOUSE,2018,2018-06-14,FORMOSA,34,NEGATIVO,UNION CIVICA RADICAL,HERNANDEZ,MARTIN OSVALDO
HOUSE,2018,2018-06-14,CORDOBA,14,NEGATIVO,UNION CIVICA RADICAL,MESTRE,DIEGO MATIAS
HOUSE,2018,2018-06-14,ENTRE RIOS,30,NEGATIVO,UNION CIVICA RADICAL,MONFORT,MARCELO ALEJANDRO
HOUSE,2018,2018-06-14,SALTA,66,NEGATIVO,UNION CIVICA RADICAL,NANNI,MIGUEL
HOUSE,2018,2018-06-14,LA RIOJA,46,NEGATIVO,UNION CIVICA RADICAL,OLIVARES,HECTOR ENRIQUE
HOUSE,2018,2018-06-14,MISIONES,54,NEGATIVO,UNION CIVICA RADICAL,PASTORI,LUIS MARIO
HOUSE,2018,2018-06-14,MENDOZA,50,NEGATIVO,UNION CIVICA RADICAL,PETRI,LUIS ALFONSO
HOUSE,2018,2018-06-14,CORRIENTES,18,NEGATIVO,UNION CIVICA RADICAL,REGIDOR BELLEDONE,ESTELA MERCEDES
HOUSE,2018,2018-06-14,SANTA CRUZ,78,NEGATIVO,UNION CIVICA RADICAL,RICCI,NADIA LORENA
HOUSE,2018,2018-06-14,MENDOZA,50,NEGATIVO,UNION CIVICA RADICAL,ZAMARBIDE,FEDERICO RAUL
HOUSE,2018,2018-06-14,BUENOS AIRES,6,PRESIDENTE,PRO,MONZO,EMILIO
SENATE,2018,2018-08-08,SANTA FE,82,ABSTENCION,JUSTICIALISTA,PEROTTI,OMAR ANGEL
SENATE,2018,2018-08-08,NEUQUEN,58,ABSTENCION,MOVIMIENTO POPULAR NEUQUINO,CREXELL,CARMEN LUCILA
SENATE,2018,2018-08-08,CATAMARCA,10,AFIRMATIVO,FRENTE CIVICO Y SOCIAL DE CATAMARCA,CASTILLO,OSCAR ANIBAL
SENATE,2018,2018-08-08,CORRIENTES,18,AFIRMATIVO,FRENTE DE TODOS,ALMIRON,ANA CLAUDIA
SENATE,2018,2018-08-08,CORDOBA,14,AFIRMATIVO,FRENTE DE TODOS,CASERIO,CARLOS ALBERTO
SENATE,2018,2018-08-08,LA PAMPA,42,AFIRMATIVO,FRENTE DE TODOS,DURANGO,NORMA HAYDEE
SENATE,2018,2018-08-08,MENDOZA,50,AFIRMATIVO,FRENTE DE TODOS,FERNANDEZ SAGASTI,ANABEL
SENATE,2018,2018-08-08,CHUBUT,26,AFIRMATIVO,FRENTE DE TODOS,GONZALEZ,NANCY SUSANA
SENATE,2018,2018-08-08,SANTA CRUZ,78,AFIRMATIVO,FRENTE DE TODOS,IANNI,ANA MARIA
SENATE,2018,2018-08-08,LA PAMPA,42,AFIRMATIVO,FRENTE DE TODOS,LOVERA,DANIEL ANIBAL
SENATE,2018,2018-08-08,CHUBUT,26,AFIRMATIVO,FRENTE DE TODOS,LUENZO,ALFREDO HECTOR
SENATE,2018,2018-08-08,TUCUMAN,90,AFIRMATIVO,FRENTE DE TODOS,MIRKIN,BEATRIZ GRACIELA
SENATE,2018,2018-08-08,CHUBUT,26,AFIRMATIVO,FRENTE DE TODOS,PAIS,JUAN MARIO
SENATE,2018,2018-08-08,SANTA FE,82,AFIRMATIVO,FRENTE DE TODOS,SACNUN,MARIA DE LOS ANGELES
SENATE,2018,2018-08-08,BUENOS AIRES,6,AFIRMATIVO,FRENTE PARA LA VICTORIA - PJ,FERNANDEZ DE KIRCHNER,CRISTINA E.
SENATE,2018,2018-08-08,NEUQUEN,58,AFIRMATIVO,FRENTE PARA LA VICTORIA - PJ,FUENTES,MARCELO JORGE
SENATE,2018,2018-08-08,CHACO,22,AFIRMATIVO,FRENTE PARA LA VICTORIA - PJ,PILATTI VERGARA,MARIA INES
SENATE,2018,2018-08-08,BUENOS AIRES,6,AFIRMATIVO,FRENTE PRO,GONZALEZ,GLADYS ESTHER
SENATE,2018,2018-08-08,CORDOBA,14,AFIRMATIVO,FRENTE PRO,MARTINEZ,ERNESTO FELIX
SENATE,2018,2018-08-08,CORDOBA,14,AFIRMATIVO,FRENTE PRO,RODRIGUEZ MACHADO,LAURA ELENA
SENATE,2018,2018-08-08,MISIONES,54,AFIRMATIVO,FRENTE PRO,SCHIAVONI,HUMBERTO LUIS ARTURO
SENATE,2018,2018-08-08,CHACO,22,AFIRMATIVO,JUSTICIALISTA,AGUILAR,EDUARDO ALBERTO
SENATE,2018,2018-08-08,TIERRA DEL FUEGO,94,AFIRMATIVO,JUSTICIALISTA,CATALAN MAGNI,JULIO CESAR
SENATE,2018,2018-08-08,ENTRE RIOS,30,AFIRMATIVO,JUSTICIALISTA,GUASTAVINO,PEDRO GUILLERMO ANGEL
SENATE,2018,2018-08-08,ENTRE RIOS,30,AFIRMATIVO,JUSTICIALISTA,KUNATH,SIGRID ELISABETH
SENATE,2018,2018-08-08,TIERRA DEL FUEGO,94,AFIRMATIVO,JUSTICIALISTA,OJEDA,JOSE ANATOLIO
SENATE,2018,2018-08-08,NEUQUEN,58,AFIRMATIVO,MOVIMIENTO POPULAR NEUQUINO,PEREYRA,GUILLERMO JUAN
SENATE,2018,2018-08-08,RIO NEGRO,62,AFIRMATIVO,PERONISMO REPUBLICANO RIO NEGRO,PICHETTO,MIGUEL ANGEL
SENATE,2018,2018-08-08,CIUDAD AUTONOMA DE BUENOS AIRES,2,AFIRMATIVO,PROYECTO SUR-UNEN,SOLANAS,FERNANDO EZEQUIEL
SENATE,2018,2018-08-08,RIO NEGRO,62,AFIRMATIVO,RIO - FRENTE PROGRESISTA,ODARDA,MARIA MAGDALENA
SENATE,2018,2018-08-08,SANTA CRUZ,78,AFIRMATIVO,UNION CIVICA RADICAL,COSTA,EDUARDO RAUL
SENATE,2018,2018-08-08,FORMOSA,34,AFIRMATIVO,UNION CIVICA RADICAL,PETCOFF NAIDENOFF,LUIS CARLOS
SENATE,2018,2018-08-08,MENDOZA,50,AFIRMATIVO,UNION CIVICA RADICAL,VERASAY,PAMELA FERNANDA
SENATE,2018,2018-08-08,SAN LUIS,74,AUSENTE,FRENTE DE TODOS,CATALFAMO,MARIA EUGENIA
SENATE,2018,2018-08-08,SAN LUIS,74,NEGATIVO,AVANZAR SAN LUIS,POGGI,CLAUDIO JAVIER
SENATE,2018,2018-08-08,SANTIAGO DEL ESTERO,86,NEGATIVO,FRENTE CIVICO POR SANTIAGO,ITURREZ DE CAPPELLINI,ADA ROSA DEL VALLE
SENATE,2018,2018-08-08,SANTIAGO DEL ESTERO,86,NEGATIVO,FRENTE CIVICO POR SANTIAGO,PORCEL DE RICCOBELLI,BLANCA
SENATE,2018,2018-08-08,TUCUMAN,90,NEGATIVO,FRENTE DE TODOS,ALPEROVICH,JOSE JORGE
SENATE,2018,2018-08-08,CATAMARCA,10,NEGATIVO,FRENTE DE TODOS,BLAS,INES IMELDA
SENATE,2018,2018-08-08,MISIONES,54,NEGATIVO,FRENTE DE TODOS,CLOSS,MAURICE FABIAN
SENATE,2018,2018-08-08,CORRIENTES,18,NEGATIVO,FRENTE DE TODOS,ESPINOLA,CARLOS MAURICIO
SENATE,2018,2018-08-08,FORMOSA,34,NEGATIVO,FRENTE DE TODOS,GONZALEZ,MARIA TERESA MARGARITA
SENATE,2018,2018-08-08,SAN JUAN,70,NEGATIVO,FRENTE DE TODOS,LOPEZ VALVERDE,CRISTINA DEL CARMEN
SENATE,2018,2018-08-08,FORMOSA,34,NEGATIVO,FRENTE DE TODOS,MAYANS,JOSE MIGUEL ANGEL
SENATE,2018,2018-08-08,LA RIOJA,46,NEGATIVO,FRENTE DE TODOS,MENEM,CARLOS SAUL
SENATE,2018,2018-08-08,CATAMARCA,10,NEGATIVO,FRENTE DE TODOS,MERA,DALMACIO
SENATE,2018,2018-08-08,SAN LUIS,74,NEGATIVO,FRENTE DE TODOS,RODRIGUEZ SAA,ADOLFO
SENATE,2018,2018-08-08,JUJUY,38,NEGATIVO,FRENTE DE TODOS,SNOPEK,GUILLERMO EUGENIO MARIO
SENATE,2018,2018-08-08,SAN JUAN,70,NEGATIVO,FRENTE DE TODOS,UÑAC,JOSE RUBEN
SENATE,2018,2018-08-08,RIO NEGRO,62,NEGATIVO,FRENTE PARA LA VICTORIA - PJ,GARCIA LARRABURU,SILVINA MARCELA
SENATE,2018,2018-08-08,SANTIAGO DEL ESTERO,86,NEGATIVO,FRENTE POPULAR,MONTENEGRO,GERARDO ANTENOR
SENATE,2018,2018-08-08,CORRIENTES,18,NEGATIVO,FRENTE PRO,BRAILLARD POCCARD,NESTOR PEDRO
SENATE,2018,2018-08-08,BUENOS AIRES,6,NEGATIVO,FRENTE PRO,BULLRICH,ESTEBAN JOSE
SENATE,2018,2018-08-08,ENTRE RIOS,30,NEGATIVO,FRENTE PRO,DE ANGELI,ALFREDO LUIS
SENATE,2018,2018-08-08,CIUDAD AUTONOMA DE BUENOS AIRES,2,NEGATIVO,FRENTE PRO,PINEDO,FEDERICO
SENATE,2018,2018-08-08,CIUDAD AUTONOMA DE BUENOS AIRES,2,NEGATIVO,FRENTE PRO,VARELA,MARTA
SENATE,2018,2018-08-08,SALTA,66,NEGATIVO,JUSTICIALISTA,URTUBEY,RODOLFO JULIO
SENATE,2018,2018-08-08,SALTA,66,NEGATIVO,JUSTICIALISTA 8 DE OCTUBRE,ROMERO,JUAN CARLOS
SENATE,2018,2018-08-08,MISIONES,54,NEGATIVO,MISIONES,SOLARI  QUINTANA,MAGDALENA
SENATE,2018,2018-08-08,TIERRA DEL FUEGO,94,NEGATIVO,MOVIMIENTO POPULAR FUEGUINO,BOYADJIAN,MIRIAM RUTH
SENATE,2018,2018-08-08,SALTA,66,NEGATIVO,PARES,FIORE VIÑUALES,MARIA CRISTINA DEL VALLE
SENATE,2018,2018-08-08,SAN JUAN,70,NEGATIVO,PRODUCCION Y TRABAJO,BASUALDO,ROBERTO GUSTAVO
SENATE,2018,2018-08-08,SANTA FE,82,NEGATIVO,SANTA FE FEDERAL,REUTEMANN,CARLOS ALBERTO
SENATE,2018,2018-08-08,LA RIOJA,46,NEGATIVO,UNION CIVICA RADICAL,BRIZUELA Y DORIA DE CARA,OLGA INES
SENATE,2018,2018-08-08,MENDOZA,50,NEGATIVO,UNION CIVICA RADICAL,COBOS,JULIO CESAR CLETO
SENATE,2018,2018-08-08,TUCUMAN,90,NEGATIVO,UNION CIVICA RADICAL,ELIAS DE PEREZ,SILVIA BEATRIZ
SENATE,2018,2018-08-08,JUJUY,38,NEGATIVO,UNION CIVICA RADICAL,FIAD,MARIO RAYMUNDO
SENATE,2018,2018-08-08,JUJUY,38,NEGATIVO,UNION CIVICA RADICAL,GIACOPPO,SILVIA DEL ROSARIO
SENATE,2018,2018-08-08,LA PAMPA,42,NEGATIVO,UNION CIVICA RADICAL,MARINO,JUAN CARLOS
SENATE,2018,2018-08-08,LA RIOJA,46,NEGATIVO,UNION CIVICA RADICAL,MARTINEZ,JULIO CESAR
SENATE,2018,2018-08-08,CHACO,22,NEGATIVO,UNION CIVICA RADICAL,ROZAS,ANGEL
SENATE,2018,2018-08-08,SANTA CRUZ,78,NEGATIVO,UNION CIVICA RADICAL,TAPIA,MARIA BELEN
HOUSE,2020,2020-12-11,CIUDAD AUTONOMA DE BUENOS AIRES,2,ABSTENCION,COALICION CIVICA,ZUVIC,MARIANA
HOUSE,2020,2020-12-11,MISIONES,54,ABSTENCION,FRENTE DE TODOS,BARBARO,HECTOR ORLANDO
HOUSE,2020,2020-12-11,JUJUY,38,ABSTENCION,FRENTE DE TODOS,FERREYRA,DANIEL JULIO
HOUSE,2020,2020-12-11,BUENOS AIRES,6,ABSTENCION,FRENTE DE TODOS,UHRIG,ROMINA MARICEL
HOUSE,2020,2020-12-11,CIUDAD AUTONOMA DE BUENOS AIRES,2,ABSTENCION,PRO,PATIÑO,JOSE LUIS
HOUSE,2020,2020-12-11,MENDOZA,50,ABSTENCION,UNION CIVICA RADICAL,CORNEJO,ALFREDO VICTOR
HOUSE,2020,2020-12-11,CIUDAD AUTONOMA DE BUENOS AIRES,2,AFIRMATIVO,COALICION CIVICA,FERRARO,MAXIMILIANO CARLOS FRANCISCO
HOUSE,2020,2020-12-11,BUENOS AIRES,6,AFIRMATIVO,COALICION CIVICA,FRADE,MONICA
HOUSE,2020,2020-12-11,CIUDAD AUTONOMA DE BUENOS AIRES,2,AFIRMATIVO,COALICION CIVICA,LOPEZ,JUAN MANUEL
HOUSE,2020,2020-12-11,BUENOS AIRES,6,AFIRMATIVO,COALICION CIVICA,STILMAN,MARIANA
HOUSE,2020,2020-12-11,BUENOS AIRES,6,AFIRMATIVO,CONSENSO FEDERAL,SARGHINI,JORGE EMILIO
HOUSE,2020,2020-12-11,MISIONES,54,AFIRMATIVO,FRENTE DE LA CONCORDIA MISIONERO,MORALES,FLAVIA
HOUSE,2020,2020-12-11,LA RIOJA,46,AFIRMATIVO,FRENTE DE TODOS,AGUIRRE,HILDA CLELIA
HOUSE,2020,2020-12-11,BUENOS AIRES,6,AFIRMATIVO,FRENTE DE TODOS,ALDERETE,JUAN CARLOS
HOUSE,2020,2020-12-11,BUENOS AIRES,6,AFIRMATIVO,FRENTE DE TODOS,ALVAREZ RODRIGUEZ,MARIA CRISTINA
HOUSE,2020,2020-12-11,BUENOS AIRES,6,AFIRMATIVO,FRENTE DE TODOS,APARICIO,ALICIA NOEMI
HOUSE,2020,2020-12-11,MENDOZA,50,AFIRMATIVO,FRENTE DE TODOS,BERMEJO,ALEJANDRO DANIEL
HOUSE,2020,2020-12-11,BUENOS AIRES,6,AFIRMATIVO,FRENTE DE TODOS,BERNAZZA,CLAUDIA ALICIA
HOUSE,2020,2020-12-11,SANTA FE,82,AFIRMATIVO,FRENTE DE TODOS,BOGDANICH,ESTEBAN MATEO
HOUSE,2020,2020-12-11,BUENOS AIRES,6,AFIRMATIVO,FRENTE DE TODOS,BORMIOLI,LISANDRO
HOUSE,2020,2020-12-11,CIUDAD AUTONOMA DE BUENOS AIRES,2,AFIRMATIVO,FRENTE DE TODOS,BRAWER,MARA
HOUSE,2020,2020-12-11,MISIONES,54,AFIRMATIVO,FRENTE DE TODOS,BRITEZ,MARIA CRISTINA
HOUSE,2020,2020-12-11,SALTA,66,AFIRMATIVO,FRENTE DE TODOS,CALIVA,LIA VERONICA
HOUSE,2020,2020-12-11,TIERRA DEL FUEGO,94,AFIRMATIVO,FRENTE DE TODOS,CAPARROS,MABEL LUISA
HOUSE,2020,2020-12-11,NEUQUEN,58,AFIRMATIVO,FRENTE DE TODOS,CARNAGHI,OSCAR
HOUSE,2020,2020-12-11,TUCUMAN,90,AFIRMATIVO,FRENTE DE TODOS,CARRIZO,NILDA MABEL
HOUSE,2020,2020-12-11,CORDOBA,14,AFIRMATIVO,FRENTE DE TODOS,CARRO,PABLO
HOUSE,2020,2020-12-11,ENTRE RIOS,30,AFIRMATIVO,FRENTE DE TODOS,CASARETTO,MARCELO PABLO
HOUSE,2020,2020-12-11,CIUDAD AUTONOMA DE BUENOS AIRES,2,AFIRMATIVO,FRENTE DE TODOS,CERRUTI,GABRIELA
HOUSE,2020,2020-12-11,TUCUMAN,90,AFIRMATIVO,FRENTE DE TODOS,CISNEROS,CARLOS ANIBAL
HOUSE,2020,2020-12-11,SANTA FE,82,AFIRMATIVO,FRENTE DE TODOS,CLERI,MARCOS
HOUSE,2020,2020-12-11,CATAMARCA,10,AFIRMATIVO,FRENTE DE TODOS,CORPACCI,LUCIA
HOUSE,2020,2020-12-11,BUENOS AIRES,6,AFIRMATIVO,FRENTE DE TODOS,CORREA,WALTER
HOUSE,2020,2020-12-11,SANTIAGO DEL ESTERO,86,AFIRMATIVO,FRENTE DE TODOS,DAIVES,RICARDO DANIEL
HOUSE,2020,2020-12-11,LA PAMPA,42,AFIRMATIVO,FRENTE DE TODOS,DELU,MELINA AIDA
HOUSE,2020,2020-12-11,CORDOBA,14,AFIRMATIVO,FRENTE DE TODOS,ESTEVEZ,GABRIELA BEATRIZ
HOUSE,2020,2020-12-11,BUENOS AIRES,6,AFIRMATIVO,FRENTE DE TODOS,FAGIOLI,FEDERICO
HOUSE,2020,2020-12-11,CORDOBA,14,AFIRMATIVO,FRENTE DE TODOS,FERNANDEZ,EDUARDO GABRIEL
HOUSE,2020,2020-12-11,SALTA,66,AFIRMATIVO,FRENTE DE TODOS,FIGUEROA,ALCIRA ELSA
HOUSE,2020,2020-12-11,ENTRE RIOS,30,AFIRMATIVO,FRENTE DE TODOS,GAILLARD,ANA CAROLINA
HOUSE,2020,2020-12-11,SALTA,66,AFIRMATIVO,FRENTE DE TODOS,GODOY,LUCAS JAVIER
HOUSE,2020,2020-12-11,SANTA FE,82,AFIRMATIVO,FRENTE DE TODOS,GONZALEZ,JOSEFINA VICTORIA
HOUSE,2020,2020-12-11,SANTA CRUZ,78,AFIRMATIVO,FRENTE DE TODOS,GONZALEZ,PABLO GERARDO
HOUSE,2020,2020-12-11,BUENOS AIRES,6,AFIRMATIVO,FRENTE DE TODOS,GROSSO,LEONARDO
HOUSE,2020,2020-12-11,SAN JUAN,70,AFIRMATIVO,FRENTE DE TODOS,GUEVARA OLIVERA,ALEJANDRO FRANCISCO
HOUSE,2020,2020-12-11,BUENOS AIRES,6,AFIRMATIVO,FRENTE DE TODOS,GUTIERREZ,CARLOS RAMIRO
HOUSE,2020,2020-12-11,CIUDAD AUTONOMA DE BUENOS AIRES,2,AFIRMATIVO,FRENTE DE TODOS,HAGMAN,ITAI
HOUSE,2020,2020-12-11,CIUDAD AUTONOMA DE BUENOS AIRES,2,AFIRMATIVO,FRENTE DE TODOS,HELLER,CARLOS SALOMON
HOUSE,2020,2020-12-11,CHUBUT,26,AFIRMATIVO,FRENTE DE TODOS,HERNANDEZ,ESTELA BEATRIZ
HOUSE,2020,2020-12-11,CHUBUT,26,AFIRMATIVO,FRENTE DE TODOS,IGON,SANTIAGO NICOLAS
HOUSE,2020,2020-12-11,BUENOS AIRES,6,AFIRMATIVO,FRENTE DE TODOS,KIRCHNER,MAXIMO CARLOS
HOUSE,2020,2020-12-11,BUENOS AIRES,6,AFIRMATIVO,FRENTE DE TODOS,KOENIG,MARCELO CHRISTIAN
HOUSE,2020,2020-12-11,BUENOS AIRES,6,AFIRMATIVO,FRENTE DE TODOS,LAMPREABE,FLORENCIA
HOUSE,2020,2020-12-11,RIO NEGRO,62,AFIRMATIVO,FRENTE DE TODOS,LANDRISCINI,SUSANA GRACIELA
HOUSE,2020,2020-12-11,TUCUMAN,90,AFIRMATIVO,FRENTE DE TODOS,LEITO,MARIO
HOUSE,2020,2020-12-11,BUENOS AIRES,6,AFIRMATIVO,FRENTE DE TODOS,LOPEZ,JIMENA
HOUSE,2020,2020-12-11,CATAMARCA,10,AFIRMATIVO,FRENTE DE TODOS,LOPEZ RODRIGUEZ,DANTE EDGARDO
HOUSE,2020,2020-12-11,BUENOS AIRES,6,AFIRMATIVO,FRENTE DE TODOS,MACHA,MONICA
HOUSE,2020,2020-12-11,SANTA FE,82,AFIRMATIVO,FRENTE DE TODOS,MARTINEZ,GERMAN PEDRO
HOUSE,2020,2020-12-11,BUENOS AIRES,6,AFIRMATIVO,FRENTE DE TODOS,MARTINEZ,MARIA ROSA
HOUSE,2020,2020-12-11,CIUDAD AUTONOMA DE BUENOS AIRES,2,AFIRMATIVO,FRENTE DE TODOS,MARZIOTTA,MARIA GISELA
HOUSE,2020,2020-12-11,CHACO,22,AFIRMATIVO,FRENTE DE TODOS,MASIN,MARIA LUCILA
HOUSE,2020,2020-12-11,JUJUY,38,AFIRMATIVO,FRENTE DE TODOS,MOISES,MARIA CAROLINA
HOUSE,2020,2020-12-11,BUENOS AIRES,6,AFIRMATIVO,FRENTE DE TODOS,MOREAU,CECILIA
HOUSE,2020,2020-12-11,BUENOS AIRES,6,AFIRMATIVO,FRENTE DE TODOS,MOREAU,LEOPOLDO RAUL GUIDO
HOUSE,2020,2020-12-11,SANTA FE,82,AFIRMATIVO,FRENTE DE TODOS,MOUNIER,PATRICIA MONICA
HOUSE,2020,2020-12-11,BUENOS AIRES,6,AFIRMATIVO,FRENTE DE TODOS,MOYANO,JUAN FACUNDO
HOUSE,2020,2020-12-11,SANTA FE,82,AFIRMATIVO,FRENTE DE TODOS,OBEID,ALEJANDRA DEL HUERTO
HOUSE,2020,2020-12-11,BUENOS AIRES,6,AFIRMATIVO,FRENTE DE TODOS,ORMACHEA,CLAUDIA
HOUSE,2020,2020-12-11,ENTRE RIOS,30,AFIRMATIVO,FRENTE DE TODOS,OSUNA,BLANCA INES
HOUSE,2020,2020-12-11,CIUDAD AUTONOMA DE BUENOS AIRES,2,AFIRMATIVO,FRENTE DE TODOS,PENACCA,PAULA ANDREA
HOUSE,2020,2020-12-11,LA PAMPA,42,AFIRMATIVO,FRENTE DE TODOS,PEREZ ARAUJO,HERNAN
HOUSE,2020,2020-12-11,SAN LUIS,74,AFIRMATIVO,FRENTE DE TODOS,PONCE,CARLOS YBRHAIN
HOUSE,2020,2020-12-11,LA PAMPA,42,AFIRMATIVO,FRENTE DE TODOS,RAUSCHENBERGER,ARIEL
HOUSE,2020,2020-12-11,BUENOS AIRES,6,AFIRMATIVO,FRENTE DE TODOS,RODRIGUEZ SAA,NICOLAS MARCELO
HOUSE,2020,2020-12-11,CORRIENTES,18,AFIRMATIVO,FRENTE DE TODOS,RUIZ ARAGON,JOSE ARNALDO
HOUSE,2020,2020-12-11,BUENOS AIRES,6,AFIRMATIVO,FRENTE DE TODOS,RUSSO,LAURA
HOUSE,2020,2020-12-11,BUENOS AIRES,6,AFIRMATIVO,FRENTE DE TODOS,SCHWINDT,MARIA LILIANA
HOUSE,2020,2020-12-11,BUENOS AIRES,6,AFIRMATIVO,FRENTE DE TODOS,SIERRA,MAGDALENA
HOUSE,2020,2020-12-11,BUENOS AIRES,6,AFIRMATIVO,FRENTE DE TODOS,SILEY,VANESA
HOUSE,2020,2020-12-11,RIO NEGRO,62,AFIRMATIVO,FRENTE DE TODOS,SORIA,MARTIN IGNACIO
HOUSE,2020,2020-12-11,RIO NEGRO,62,AFIRMATIVO,FRENTE DE TODOS,SPOSITO,AYELEN
HOUSE,2020,2020-12-11,BUENOS AIRES,6,AFIRMATIVO,FRENTE DE TODOS,TAILHADE,LUIS RODOLFO
HOUSE,2020,2020-12-11,BUENOS AIRES,6,AFIRMATIVO,FRENTE DE TODOS,TUNDIS,MIRTA
HOUSE,2020,2020-12-11,MENDOZA,50,AFIRMATIVO,FRENTE DE TODOS,UCEDA,MARISA LOURDES
HOUSE,2020,2020-12-11,BUENOS AIRES,6,AFIRMATIVO,FRENTE DE TODOS,VALLEJOS,MARIA FERNANDA
HOUSE,2020,2020-12-11,SANTA CRUZ,78,AFIRMATIVO,FRENTE DE TODOS,VAZQUEZ,JUAN BENEDICTO
HOUSE,2020,2020-12-11,SANTA CRUZ,78,AFIRMATIVO,FRENTE DE TODOS,VESSVESSIAN,MARCELA PAOLA
HOUSE,2020,2020-12-11,BUENOS AIRES,6,AFIRMATIVO,FRENTE DE TODOS,VILAR,DANIELA
HOUSE,2020,2020-12-11,NEUQUEN,58,AFIRMATIVO,FRENTE DE TODOS,VIVERO,CARLOS ALBERTO
HOUSE,2020,2020-12-11,BUENOS AIRES,6,AFIRMATIVO,FRENTE DE TODOS,YAMBRUN,LILIANA
HOUSE,2020,2020-12-11,BUENOS AIRES,6,AFIRMATIVO,FRENTE DE TODOS,YASKY,HUGO
HOUSE,2020,2020-12-11,TUCUMAN,90,AFIRMATIVO,FRENTE DE TODOS,YEDLIN,PABLO RAUL
HOUSE,2020,2020-12-11,TIERRA DEL FUEGO,94,AFIRMATIVO,FRENTE DE TODOS,YUTROVIC,INES CAROLINA
HOUSE,2020,2020-12-11,BUENOS AIRES,6,AFIRMATIVO,IZQUIERDA SOCIALISTA - FRENTE DE IZQUIERDA,GIORDANO,JUAN CARLOS
HOUSE,2020,2020-12-11,RIO NEGRO,62,AFIRMATIVO,JUNTOS SOMOS RIO NEGRO,DI GIACOMO,LUIS
HOUSE,2020,2020-12-11,BUENOS AIRES,6,AFIRMATIVO,JUSTICIALISTA,BUCCA,EDUARDO
HOUSE,2020,2020-12-11,BUENOS AIRES,6,AFIRMATIVO,PRO,CACERES,ADRIANA CINTIA
HOUSE,2020,2020-12-11,BUENOS AIRES,6,AFIRMATIVO,PRO,CRESCIMBENI,CAMILA
HOUSE,2020,2020-12-11,TIERRA DEL FUEGO,94,AFIRMATIVO,PRO,FRIGERIO,FEDERICO
HOUSE,2020,2020-12-11,CIUDAD AUTONOMA DE BUENOS AIRES,2,AFIRMATIVO,PRO,GARCIA,ALEJANDRO
HOUSE,2020,2020-12-11,BUENOS AIRES,6,AFIRMATIVO,PRO,GARCIA DE LUCA,SEBASTIAN
HOUSE,2020,2020-12-11,CIUDAD AUTONOMA DE BUENOS AIRES,2,AFIRMATIVO,PRO,IGLESIAS,FERNANDO ADOLFO
HOUSE,2020,2020-12-11,BUENOS AIRES,6,AFIRMATIVO,PRO,JOURY,MERCEDES
HOUSE,2020,2020-12-11,BUENOS AIRES,6,AFIRMATIVO,PRO,LOSPENNATO,SILVIA GABRIELA
HOUSE,2020,2020-12-11,BUENOS AIRES,6,AFIRMATIVO,PRO,OCAÑA,MARIA GRACIELA
HOUSE,2020,2020-12-11,BUENOS AIRES,6,AFIRMATIVO,PRO,REY,MARIA LUJAN
HOUSE,2020,2020-12-11,BUENOS AIRES,6,AFIRMATIVO,PRO,WOLFF,WALDO EZEQUIEL
HOUSE,2020,2020-12-11,BUENOS AIRES,6,AFIRMATIVO,PTS - FRENTE DE IZQUIERDA,DEL CAÑO,NICOLAS
HOUSE,2020,2020-12-11,SANTA FE,82,AFIRMATIVO,SOCIALISTA,ESTEVEZ,ENRIQUE ELOY
HOUSE,2020,2020-12-11,CORDOBA,14,AFIRMATIVO,UNION CIVICA RADICAL,AUSTIN,BRENDA LIS
HOUSE,2020,2020-12-11,BUENOS AIRES,6,AFIRMATIVO,UNION CIVICA RADICAL,BANFI,KARINA VERONICA
HOUSE,2020,2020-12-11,BUENOS AIRES,6,AFIRMATIVO,UNION CIVICA RADICAL,BAZZE,MIGUEL ANGEL
HOUSE,2020,2020-12-11,ENTRE RIOS,30,AFIRMATIVO,UNION CIVICA RADICAL,BENEDETTI,ATILIO FRANCISCO SALVADOR
HOUSE,2020,2020-12-11,SAN LUIS,74,AFIRMATIVO,UNION CIVICA RADICAL,CACACE,ALEJANDRO
HOUSE,2020,2020-12-11,SANTA FE,82,AFIRMATIVO,UNION CIVICA RADICAL,CANTARD,ALBOR ANGEL
HOUSE,2020,2020-12-11,CIUDAD AUTONOMA DE BUENOS AIRES,2,AFIRMATIVO,UNION CIVICA RADICAL,CARRIZO,ANA CARLA
HOUSE,2020,2020-12-11,CIUDAD AUTONOMA DE BUENOS AIRES,2,AFIRMATIVO,UNION CIVICA RADICAL,DE LAMADRID,ALVARO HECTOR
HOUSE,2020,2020-12-11,SANTA FE,82,AFIRMATIVO,UNION CIVICA RADICAL,DEL CERRO,GONZALO PEDRO ANTONIO
HOUSE,2020,2020-12-11,BUENOS AIRES,6,AFIRMATIVO,UNION CIVICA RADICAL,FERNANDEZ,CARLOS ALBERTO
HOUSE,2020,2020-12-11,SANTA FE,82,AFIRMATIVO,UNION CIVICA RADICAL,GARCIA,XIMENA
HOUSE,2020,2020-12-11,ENTRE RIOS,30,AFIRMATIVO,UNION CIVICA RADICAL,LACOSTE,JORGE ENRIQUE
HOUSE,2020,2020-12-11,MENDOZA,50,AFIRMATIVO,UNION CIVICA RADICAL,LATORRE,JIMENA HEBE
HOUSE,2020,2020-12-11,ENTRE RIOS,30,AFIRMATIVO,UNION CIVICA RADICAL,LENA,GABRIELA MABEL
HOUSE,2020,2020-12-11,SANTA FE,82,AFIRMATIVO,UNION CIVICA RADICAL,MARTIN,JUAN
HOUSE,2020,2020-12-11,CIUDAD AUTONOMA DE BUENOS AIRES,2,AFIRMATIVO,UNION CIVICA RADICAL,MARTINEZ,MARIA DOLORES
HOUSE,2020,2020-12-11,RIO NEGRO,62,AFIRMATIVO,UNION CIVICA RADICAL,MATZEN,LORENA
HOUSE,2020,2020-12-11,BUENOS AIRES,6,AFIRMATIVO,UNION CIVICA RADICAL,MENDOZA,JOSEFINA
HOUSE,2020,2020-12-11,CHUBUT,26,AFIRMATIVO,UNION CIVICA RADICAL,MENNA,GUSTAVO
HOUSE,2020,2020-12-11,MENDOZA,50,AFIRMATIVO,UNION CIVICA RADICAL,NAJUL,CLAUDIA INES
HOUSE,2020,2020-12-11,CORDOBA,14,AFIRMATIVO,UNION CIVICA RADICAL,NEGRI,MARIO RAUL
HOUSE,2020,2020-12-11,BUENOS AIRES,6,AFIRMATIVO,UNION CIVICA RADICAL,QUETGLAS,FABIO JOSE
HOUSE,2020,2020-12-11,SAN LUIS,74,AFIRMATIVO,UNION CIVICA RADICAL,RICCARDO,JOSE LUIS
HOUSE,2020,2020-12-11,JUJUY,38,AFIRMATIVO,UNION CIVICA RADICAL,RIZZOTTI,JORGE
HOUSE,2020,2020-12-11,BUENOS AIRES,6,AFIRMATIVO,UNION CIVICA RADICAL,SALVADOR,SEBASTIAN NICOLAS
HOUSE,2020,2020-12-11,CIUDAD AUTONOMA DE BUENOS AIRES,2,AFIRMATIVO,UNION CIVICA RADICAL,SUAREZ LASTRA,FACUNDO
HOUSE,2020,2020-12-11,CIUDAD AUTONOMA DE BUENOS AIRES,2,AFIRMATIVO,UNION CIVICA RADICAL,YACOBITTI,EMILIANO BENJAMIN
HOUSE,2020,2020-12-11,BUENOS AIRES,6,AUSENTE,FRENTE DE TODOS,DE MENDIGUREN,JOSE IGNACIO
HOUSE,2020,2020-12-11,SAN JUAN,70,AUSENTE,PRO,CACERES,EDUARDO AUGUSTO
HOUSE,2020,2020-12-11,LA RIOJA,46,NEGATIVO,ACCION FEDERAL,ALVAREZ,FELIPE
HOUSE,2020,2020-12-11,SANTA CRUZ,78,NEGATIVO,ACCION FEDERAL,CARAMBIA,ANTONIO JOSE
HOUSE,2020,2020-12-11,BUENOS AIRES,6,NEGATIVO,COALICION CIVICA,CAMPAGNOLI,MARCELA
HOUSE,2020,2020-12-11,BUENOS AIRES,6,NEGATIVO,COALICION CIVICA,CAMPOS,JAVIER
HOUSE,2020,2020-12-11,SANTA FE,82,NEGATIVO,COALICION CIVICA,CASTETS,LAURA CAROLINA
HOUSE,2020,2020-12-11,BUENOS AIRES,6,NEGATIVO,COALICION CIVICA,FLORES,HECTOR TOTY
HOUSE,2020,2020-12-11,SANTA FE,82,NEGATIVO,COALICION CIVICA,LEHMANN,MARIA LUCILA
HOUSE,2020,2020-12-11,CATAMARCA,10,NEGATIVO,COALICION CIVICA,MANZI,RUBEN
HOUSE,2020,2020-12-11,CORDOBA,14,NEGATIVO,COALICION CIVICA,MARTINEZ VILLADA,LEONOR MARIA
HOUSE,2020,2020-12-11,CIUDAD AUTONOMA DE BUENOS AIRES,2,NEGATIVO,COALICION CIVICA,OLIVETO LAGO,PAULA MARIANA
HOUSE,2020,2020-12-11,CHACO,22,NEGATIVO,COALICION CIVICA,TERADA,ALICIA
HOUSE,2020,2020-12-11,BUENOS AIRES,6,NEGATIVO,CONSENSO FEDERAL,CAMAÑO,GRACIELA
HOUSE,2020,2020-12-11,BUENOS AIRES,6,NEGATIVO,CONSENSO FEDERAL,RODRIGUEZ,ALEJANDRO
HOUSE,2020,2020-12-11,CORDOBA,14,NEGATIVO,CORDOBA FEDERAL,CASSINERIO,PAULO LEONARDO
HOUSE,2020,2020-12-11,CORDOBA,14,NEGATIVO,CORDOBA FEDERAL,GUTIERREZ,CARLOS MARIO
HOUSE,2020,2020-12-11,CORDOBA,14,NEGATIVO,CORDOBA FEDERAL,MARQUEZ,CLAUDIA GABRIELA
HOUSE,2020,2020-12-11,CORDOBA,14,NEGATIVO,CORDOBA FEDERAL,VIGO,ALEJANDRA MARIA
HOUSE,2020,2020-12-11,CATAMARCA,10,NEGATIVO,FRENTE CIVICO Y SOCIAL DE CATAMARCA,BRIZUELA DEL MORAL,EDUARDO SEGUNDO
HOUSE,2020,2020-12-11,MISIONES,54,NEGATIVO,FRENTE DE LA CONCORDIA MISIONERO,SARTORI,DIEGO HORACIO
HOUSE,2020,2020-12-11,MISIONES,54,NEGATIVO,FRENTE DE LA CONCORDIA MISIONERO,WELLBACH,RICARDO
HOUSE,2020,2020-12-11,SANTIAGO DEL ESTERO,86,NEGATIVO,FRENTE DE TODOS,ABDALA DE MATARAZZO,NORMA AMANDA
HOUSE,2020,2020-12-11,SAN JUAN,70,NEGATIVO,FRENTE DE TODOS,ALLENDE,WALBERTO ENRIQUE
HOUSE,2020,2020-12-11,SAN LUIS,74,NEGATIVO,FRENTE DE TODOS,ALUME SBODIO,KARIM AUGUSTO
HOUSE,2020,2020-12-11,TIERRA DEL FUEGO,94,NEGATIVO,FRENTE DE TODOS,BERTONE,ROSANA ANDREA
HOUSE,2020,2020-12-11,SANTIAGO DEL ESTERO,86,NEGATIVO,FRENTE DE TODOS,BRUE,DANIEL AGUSTIN
HOUSE,2020,2020-12-11,LA RIOJA,46,NEGATIVO,FRENTE DE TODOS,CASAS,SERGIO GUILLERMO
HOUSE,2020,2020-12-11,SAN JUAN,70,NEGATIVO,FRENTE DE TODOS,CASELLES,GRACIELA MARIA
HOUSE,2020,2020-12-11,ENTRE RIOS,30,NEGATIVO,FRENTE DE TODOS,CRESTO,MAYDA
HOUSE,2020,2020-12-11,FORMOSA,34,NEGATIVO,FRENTE DE TODOS,DALDOVO,NELLY RAMONA
HOUSE,2020,2020-12-11,MENDOZA,50,NEGATIVO,FRENTE DE TODOS,FELIX,OMAR
HOUSE,2020,2020-12-11,BUENOS AIRES,6,NEGATIVO,FRENTE DE TODOS,FERNANDEZ,HECTOR
HOUSE,2020,2020-12-11,FORMOSA,34,NEGATIVO,FRENTE DE TODOS,FERNANDEZ PATRI,GUSTAVO RAMIRO
HOUSE,2020,2020-12-11,LA RIOJA,46,NEGATIVO,FRENTE DE TODOS,FLORES,DANILO ADRIAN
HOUSE,2020,2020-12-11,CATAMARCA,10,NEGATIVO,FRENTE DE TODOS,GINOCCHIO,SILVANA MICAELA
HOUSE,2020,2020-12-11,SAN JUAN,70,NEGATIVO,FRENTE DE TODOS,GIOJA,JOSE LUIS
HOUSE,2020,2020-12-11,SANTIAGO DEL ESTERO,86,NEGATIVO,FRENTE DE TODOS,HERRERA,BERNARDO JOSE
HOUSE,2020,2020-12-11,CHACO,22,NEGATIVO,FRENTE DE TODOS,LEIVA,ALDO
HOUSE,2020,2020-12-11,JUJUY,38,NEGATIVO,FRENTE DE TODOS,MARTIARENA,JOSE LUIS
HOUSE,2020,2020-12-11,SANTA FE,82,NEGATIVO,FRENTE DE TODOS,MASSETANI,VANESA LAURA
HOUSE,2020,2020-12-11,TUCUMAN,90,NEGATIVO,FRENTE DE TODOS,MEDINA,GLADYS
HOUSE,2020,2020-12-11,SANTIAGO DEL ESTERO,86,NEGATIVO,FRENTE DE TODOS,MONTOTO,MARIA LUISA
HOUSE,2020,2020-12-11,CHACO,22,NEGATIVO,FRENTE DE TODOS,MOSQUEDA,JUAN
HOUSE,2020,2020-12-11,CHUBUT,26,NEGATIVO,FRENTE DE TODOS,MUÑOZ,ROSA ROSARIO
HOUSE,2020,2020-12-11,SANTIAGO DEL ESTERO,86,NEGATIVO,FRENTE DE TODOS,NAVARRO,GRACIELA
HOUSE,2020,2020-12-11,SANTIAGO DEL ESTERO,86,NEGATIVO,FRENTE DE TODOS,NEDER,ESTELA MARY DEL ROSARIO
HOUSE,2020,2020-12-11,FORMOSA,34,NEGATIVO,FRENTE DE TODOS,PAROLA,MARIA GRACIELA
HOUSE,2020,2020-12-11,CHACO,22,NEGATIVO,FRENTE DE TODOS,PERTILE,ELDA
HOUSE,2020,2020-12-11,CORRIENTES,18,NEGATIVO,FRENTE DE TODOS,ROMERO,JORGE ANTONIO
HOUSE,2020,2020-12-11,SAN LUIS,74,NEGATIVO,FRENTE DE TODOS,ROSSO,VICTORIA
HOUSE,2020,2020-12-11,CORRIENTES,18,NEGATIVO,FRENTE DE TODOS,SAND GIORASI,NANCY ARACELY
HOUSE,2020,2020-12-11,BUENOS AIRES,6,NEGATIVO,FRENTE DE TODOS,SELVA,CARLOS AMERICO
HOUSE,2020,2020-12-11,CIUDAD AUTONOMA DE BUENOS AIRES,2,NEGATIVO,FRENTE DE TODOS,VALDES,EDUARDO FELIX
HOUSE,2020,2020-12-11,SANTA FE,82,NEGATIVO,FRENTE PROGRESISTA CIVICO Y SOCIAL,CONTIGIANI,LUIS GUSTAVO
HOUSE,2020,2020-12-11,SALTA,66,NEGATIVO,JUSTICIALISTA,ZOTTOS,MIGUEL ANDRES COSTAS
HOUSE,2020,2020-12-11,NEUQUEN,58,NEGATIVO,MOVIMIENTO POPULAR NEUQUINO,SAPAG,ALMA LILIANA
HOUSE,2020,2020-12-11,TUCUMAN,90,NEGATIVO,PARTIDO POR LA JUSTICIA SOCIAL,AVILA,BEATRIZ LUISA
HOUSE,2020,2020-12-11,BUENOS AIRES,6,NEGATIVO,PRO,AICEGA,JUAN
HOUSE,2020,2020-12-11,TUCUMAN,90,NEGATIVO,PRO,AMAYA,DOMINGO
HOUSE,2020,2020-12-11,SANTA FE,82,NEGATIVO,PRO,ANGELINI,FEDERICO
HOUSE,2020,2020-12-11,BUENOS AIRES,6,NEGATIVO,PRO,ASSEFF,ALBERTO EMILIO
HOUSE,2020,2020-12-11,CORDOBA,14,NEGATIVO,PRO,BALDASSI,HECTOR WALTER
HOUSE,2020,2020-12-11,BUENOS AIRES,6,NEGATIVO,PRO,BERISSO,HERNAN
HOUSE,2020,2020-12-11,CORRIENTES,18,NEGATIVO,PRO,BRAMBILLA,SOFIA
HOUSE,2020,2020-12-11,SALTA,66,NEGATIVO,PRO,CORNEJO,VIRGINIA MARIA
HOUSE,2020,2020-12-11,MENDOZA,50,NEGATIVO,PRO,DE MARCHI,OMAR BRUNO
HOUSE,2020,2020-12-11,CORDOBA,14,NEGATIVO,PRO,EL SUKARIA,SOHER
HOUSE,2020,2020-12-11,CIUDAD AUTONOMA DE BUENOS AIRES,2,NEGATIVO,PRO,ENRIQUEZ,JORGE RICARDO
HOUSE,2020,2020-12-11,BUENOS AIRES,6,NEGATIVO,PRO,FERNANDEZ LANGAN,EZEQUIEL
HOUSE,2020,2020-12-11,ENTRE RIOS,30,NEGATIVO,PRO,FREGONESE,ALICIA
HOUSE,2020,2020-12-11,CORDOBA,14,NEGATIVO,PRO,FRIZZA,GABRIEL ALBERTO
HOUSE,2020,2020-12-11,CIUDAD AUTONOMA DE BUENOS AIRES,2,NEGATIVO,PRO,GONZALEZ,ALVARO GUSTAVO
HOUSE,2020,2020-12-11,SALTA,66,NEGATIVO,PRO,GRANDE,MARTIN
HOUSE,2020,2020-12-11,ENTRE RIOS,30,NEGATIVO,PRO,HEIN,GUSTAVO RENE
HOUSE,2020,2020-12-11,CORRIENTES,18,NEGATIVO,PRO,JETTER,INGRID
HOUSE,2020,2020-12-11,CORDOBA,14,NEGATIVO,PRO,JUEZ,LUIS ALFREDO
HOUSE,2020,2020-12-11,SANTA FE,82,NEGATIVO,PRO,LASPINA,LUCIANO ANDRES
HOUSE,2020,2020-12-11,LA PAMPA,42,NEGATIVO,PRO,MAQUIEYRA,MARTIN
HOUSE,2020,2020-12-11,BUENOS AIRES,6,NEGATIVO,PRO,MEDINA,MARTIN NICOLAS
HOUSE,2020,2020-12-11,JUJUY,38,NEGATIVO,PRO,MONALDI,OSMAR
HOUSE,2020,2020-12-11,CIUDAD AUTONOMA DE BUENOS AIRES,2,NEGATIVO,PRO,MORALES GORLERI,VICTORIA
HOUSE,2020,2020-12-11,SANTA FE,82,NEGATIVO,PRO,NUÑEZ,JOSE CARLOS
HOUSE,2020,2020-12-11,BUENOS AIRES,6,NEGATIVO,PRO,PICCOLOMINI,MARIA CARLA
HOUSE,2020,2020-12-11,CIUDAD AUTONOMA DE BUENOS AIRES,2,NEGATIVO,PRO,POLLEDO,CARMEN
HOUSE,2020,2020-12-11,CIUDAD AUTONOMA DE BUENOS AIRES,2,NEGATIVO,PRO,REZINOVSKY,DINA ESTHER
HOUSE,2020,2020-12-11,BUENOS AIRES,6,NEGATIVO,PRO,RITONDO,CRISTIAN
HOUSE,2020,2020-12-11,CORDOBA,14,NEGATIVO,PRO,RUARTE,ADRIANA NOEMI
HOUSE,2020,2020-12-11,LA RIOJA,46,NEGATIVO,PRO,SAHAD,JULIO ENRIQUE
HOUSE,2020,2020-12-11,NEUQUEN,58,NEGATIVO,PRO,SANCHEZ,FRANCISCO
HOUSE,2020,2020-12-11,SANTA FE,82,NEGATIVO,PRO,SCAGLIA,GISELA
HOUSE,2020,2020-12-11,MISIONES,54,NEGATIVO,PRO,SCHIAVONI,ALFREDO OSCAR
HOUSE,2020,2020-12-11,NEUQUEN,58,NEGATIVO,PRO,SCHLERETH,DAVID PABLO
HOUSE,2020,2020-12-11,TIERRA DEL FUEGO,94,NEGATIVO,PRO,STEFANI,HECTOR ANTONIO
HOUSE,2020,2020-12-11,CIUDAD AUTONOMA DE BUENOS AIRES,2,NEGATIVO,PRO,TONELLI,PABLO GABRIEL
HOUSE,2020,2020-12-11,BUENOS AIRES,6,NEGATIVO,PRO,TORELLO,PABLO
HOUSE,2020,2020-12-11,CHUBUT,26,NEGATIVO,PRO,TORRES,IGNACIO AGUSTIN
HOUSE,2020,2020-12-11,BUENOS AIRES,6,NEGATIVO,PRO,VILLA,NATALIA SOLEDAD
HOUSE,2020,2020-12-11,SAN JUAN,70,NEGATIVO,PRODUCCION Y TRABAJO,ORREGO,HUMBERTO MARCELO
HOUSE,2020,2020-12-11,BUENOS AIRES,6,NEGATIVO,UNIDAD Y EQUIDAD FEDERAL,ANSALONI,PABLO MIGUEL
HOUSE,2020,2020-12-11,MENDOZA,50,NEGATIVO,UNIDAD Y EQUIDAD FEDERAL,RAMON,JOSE LUIS
HOUSE,2020,2020-12-11,FORMOSA,34,NEGATIVO,UNION CIVICA RADICAL,ARCE,MARIO HORACIO
HOUSE,2020,2020-12-11,TUCUMAN,90,NEGATIVO,UNION CIVICA RADICAL,ASCARATE,LIDIA
HOUSE,2020,2020-12-11,CHACO,22,NEGATIVO,UNION CIVICA RADICAL,AYALA,AIDA BEATRIZ MAXIMA
HOUSE,2020,2020-12-11,LA PAMPA,42,NEGATIVO,UNION CIVICA RADICAL,BERHONGARAY,MARTIN ANTONIO
HOUSE,2020,2020-12-11,JUJUY,38,NEGATIVO,UNION CIVICA RADICAL,BURGOS,MARIA GABRIELA
HOUSE,2020,2020-12-11,FORMOSA,34,NEGATIVO,UNION CIVICA RADICAL,BURYAILE,RICARDO
HOUSE,2020,2020-12-11,TUCUMAN,90,NEGATIVO,UNION CIVICA RADICAL,CANO,JOSE MANUEL
HOUSE,2020,2020-12-11,CORDOBA,14,NEGATIVO,UNION CIVICA RADICAL,CARRIZO,SOLEDAD
HOUSE,2020,2020-12-11,CHACO,22,NEGATIVO,UNION CIVICA RADICAL,CIPOLINI,GERARDO
HOUSE,2020,2020-12-11,CORDOBA,14,NEGATIVO,UNION CIVICA RADICAL,MESTRE,DIEGO MATIAS
HOUSE,2020,2020-12-11,SALTA,66,NEGATIVO,UNION CIVICA RADICAL,NANNI,MIGUEL
HOUSE,2020,2020-12-11,MISIONES,54,NEGATIVO,UNION CIVICA RADICAL,PASTORI,LUIS MARIO
HOUSE,2020,2020-12-11,MENDOZA,50,NEGATIVO,UNION CIVICA RADICAL,PETRI,LUIS ALFONSO
HOUSE,2020,2020-12-11,CORRIENTES,18,NEGATIVO,UNION CIVICA RADICAL,REGIDOR BELLEDONE,ESTELA MERCEDES
HOUSE,2020,2020-12-11,SANTA CRUZ,78,NEGATIVO,UNION CIVICA RADICAL,REYES,ROXANA NAHIR
HOUSE,2020,2020-12-11,CORDOBA,14,NEGATIVO,UNION CIVICA RADICAL,ROMERO,VICTOR HUGO
HOUSE,2020,2020-12-11,CORRIENTES,18,NEGATIVO,UNION CIVICA RADICAL,VARA,JORGE ALBERTO
HOUSE,2020,2020-12-11,MENDOZA,50,NEGATIVO,UNION CIVICA RADICAL,ZAMARBIDE,FEDERICO RAUL
SENATE,2020,2020-12-29,JUJUY,38,ABSTENCION,FRENTE DE TODOS,SNOPEK,GUILLERMO EUGENIO MARIO
SENATE,2020,2020-12-29,CATAMARCA,10,AFIRMATIVO,FRENTE CIVICO Y SOCIAL DE CATAMARCA,CASTILLO,OSCAR ANIBAL
SENATE,2020,2020-12-29,CORRIENTES,18,AFIRMATIVO,FRENTE DE TODOS,ALMIRON,ANA CLAUDIA
SENATE,2020,2020-12-29,CORDOBA,14,AFIRMATIVO,FRENTE DE TODOS,CASERIO,CARLOS ALBERTO
SENATE,2020,2020-12-29,SAN LUIS,74,AFIRMATIVO,FRENTE DE TODOS,CATALFAMO,MARIA EUGENIA
SENATE,2020,2020-12-29,RIO NEGRO,62,AFIRMATIVO,FRENTE DE TODOS,DOÑATE,CLAUDIO MARTIN
SENATE,2020,2020-12-29,LA PAMPA,42,AFIRMATIVO,FRENTE DE TODOS,DURANGO,NORMA HAYDEE
SENATE,2020,2020-12-29,TIERRA DEL FUEGO,94,AFIRMATIVO,FRENTE DE TODOS,DURE,MARIA EUGENIA
SENATE,2020,2020-12-29,MENDOZA,50,AFIRMATIVO,FRENTE DE TODOS,FERNANDEZ SAGASTI,ANABEL
SENATE,2020,2020-12-29,RIO NEGRO,62,AFIRMATIVO,FRENTE DE TODOS,GARCIA LARRABURU,SILVINA MARCELA
SENATE,2020,2020-12-29,SALTA,66,AFIRMATIVO,FRENTE DE TODOS,GIMENEZ,NORA DEL VALLE
SENATE,2020,2020-12-29,CHUBUT,26,AFIRMATIVO,FRENTE DE TODOS,GONZALEZ,NANCY SUSANA
SENATE,2020,2020-12-29,SANTA CRUZ,78,AFIRMATIVO,FRENTE DE TODOS,IANNI,ANA MARIA
SENATE,2020,2020-12-29,ENTRE RIOS,30,AFIRMATIVO,FRENTE DE TODOS,KUEIDER,EDGARDO DARIO
SENATE,2020,2020-12-29,SALTA,66,AFIRMATIVO,FRENTE DE TODOS,LEAVY,SERGIO NAPOLEON
SENATE,2020,2020-12-29,LA PAMPA,42,AFIRMATIVO,FRENTE DE TODOS,LOVERA,DANIEL ANIBAL
SENATE,2020,2020-12-29,CHUBUT,26,AFIRMATIVO,FRENTE DE TODOS,LUENZO,ALFREDO HECTOR
SENATE,2020,2020-12-29,SANTA FE,82,AFIRMATIVO,FRENTE DE TODOS,MIRABELLA,ROBERTO MARIO
SENATE,2020,2020-12-29,TUCUMAN,90,AFIRMATIVO,FRENTE DE TODOS,MIRKIN,BEATRIZ GRACIELA
SENATE,2020,2020-12-29,CHUBUT,26,AFIRMATIVO,FRENTE DE TODOS,PAIS,JUAN MARIO
SENATE,2020,2020-12-29,NEUQUEN,58,AFIRMATIVO,FRENTE DE TODOS,PARRILLI,OSCAR ISIDRO
SENATE,2020,2020-12-29,CHACO,22,AFIRMATIVO,FRENTE DE TODOS,PILATTI VERGARA,MARIA INES
SENATE,2020,2020-12-29,CIUDAD AUTONOMA DE BUENOS AIRES,2,AFIRMATIVO,FRENTE DE TODOS,RECALDE,MARIANO
SENATE,2020,2020-12-29,TIERRA DEL FUEGO,94,AFIRMATIVO,FRENTE DE TODOS,RODRIGUEZ,MATIAS DAVID
SENATE,2020,2020-12-29,SANTA FE,82,AFIRMATIVO,FRENTE DE TODOS,SACNUN,MARIA DE LOS ANGELES
SENATE,2020,2020-12-29,NEUQUEN,58,AFIRMATIVO,FRENTE DE TODOS,SAPAG,SILVIA
SENATE,2020,2020-12-29,BUENOS AIRES,6,AFIRMATIVO,FRENTE DE TODOS,TAIANA,JORGE ENRIQUE
SENATE,2020,2020-12-29,BUENOS AIRES,6,AFIRMATIVO,FRENTE PRO,GONZALEZ,GLADYS ESTHER
SENATE,2020,2020-12-29,CORDOBA,14,AFIRMATIVO,FRENTE PRO,MARTINEZ,ERNESTO FELIX
SENATE,2020,2020-12-29,CORDOBA,14,AFIRMATIVO,FRENTE PRO,RODRIGUEZ MACHADO,LAURA ELENA
SENATE,2020,2020-12-29,MISIONES,54,AFIRMATIVO,FRENTE PRO,SCHIAVONI,HUMBERTO LUIS ARTURO
SENATE,2020,2020-12-29,CIUDAD AUTONOMA DE BUENOS AIRES,2,AFIRMATIVO,FRENTE PRO,TAGLIAFERRI,GUADALUPE
SENATE,2020,2020-12-29,RIO NEGRO,62,AFIRMATIVO,JUNTOS SOMOS RIO NEGRO,WERETILNECK,ALBERTO EDGARDO
SENATE,2020,2020-12-29,NEUQUEN,58,AFIRMATIVO,MOVIMIENTO NEUQUINO,CREXELL,CARMEN LUCILA
SENATE,2020,2020-12-29,SANTA CRUZ,78,AFIRMATIVO,UNION CIVICA RADICAL,COSTA,EDUARDO RAUL
SENATE,2020,2020-12-29,CIUDAD AUTONOMA DE BUENOS AIRES,2,AFIRMATIVO,UNION CIVICA RADICAL,LOUSTEAU,MARTIN
SENATE,2020,2020-12-29,ENTRE RIOS,30,AFIRMATIVO,UNION CIVICA RADICAL,OLALLA,STELLA MARIS
SENATE,2020,2020-12-29,FORMOSA,34,AFIRMATIVO,UNION CIVICA RADICAL,PETCOFF NAIDENOFF,LUIS CARLOS
SENATE,2020,2020-12-29,MENDOZA,50,AFIRMATIVO,UNION CIVICA RADICAL,VERASAY,PAMELA FERNANDA
SENATE,2020,2020-12-29,TUCUMAN,90,AUSENTE,FRENTE DE TODOS,ALPEROVICH,JOSE JORGE
SENATE,2020,2020-12-29,LA RIOJA,46,AUSENTE,FRENTE DE TODOS,MENEM,CARLOS SAUL
SENATE,2020,2020-12-29,SAN LUIS,74,AUSENTE,FRENTE DE TODOS,RODRIGUEZ SAA,ADOLFO
SENATE,2020,2020-12-29,LA RIOJA,46,AUSENTE,MEDIAR ARGENTINA,VEGA,MARIA CLARA DEL VALLE
SENATE,2020,2020-12-29,SAN LUIS,74,NEGATIVO,AVANZAR SAN LUIS,POGGI,CLAUDIO JAVIER
SENATE,2020,2020-12-29,CATAMARCA,10,NEGATIVO,FRENTE DE TODOS,BLAS,INES IMELDA
SENATE,2020,2020-12-29,MISIONES,54,NEGATIVO,FRENTE DE TODOS,CLOSS,MAURICE FABIAN
SENATE,2020,2020-12-29,CORRIENTES,18,NEGATIVO,FRENTE DE TODOS,ESPINOLA,CARLOS MAURICIO
SENATE,2020,2020-12-29,FORMOSA,34,NEGATIVO,FRENTE DE TODOS,GONZALEZ,MARIA TERESA MARGARITA
SENATE,2020,2020-12-29,SANTIAGO DEL ESTERO,86,NEGATIVO,FRENTE DE TODOS,LEDESMA ABDALA DE ZAMORA,CLAUDIA
SENATE,2020,2020-12-29,SAN JUAN,70,NEGATIVO,FRENTE DE TODOS,LOPEZ VALVERDE,CRISTINA DEL CARMEN
SENATE,2020,2020-12-29,FORMOSA,34,NEGATIVO,FRENTE DE TODOS,MAYANS,JOSE MIGUEL ANGEL
SENATE,2020,2020-12-29,CATAMARCA,10,NEGATIVO,FRENTE DE TODOS,MERA,DALMACIO
SENATE,2020,2020-12-29,SANTIAGO DEL ESTERO,86,NEGATIVO,FRENTE DE TODOS,MONTENEGRO,GERARDO ANTENOR
SENATE,2020,2020-12-29,SANTIAGO DEL ESTERO,86,NEGATIVO,FRENTE DE TODOS,NEDER,JOSE EMILIO
SENATE,2020,2020-12-29,CHACO,22,NEGATIVO,FRENTE DE TODOS,RODAS,ANTONIO JOSE
SENATE,2020,2020-12-29,SAN JUAN,70,NEGATIVO,FRENTE DE TODOS,UÑAC,JOSE RUBEN
SENATE,2020,2020-12-29,CORRIENTES,18,NEGATIVO,FRENTE PRO,BRAILLARD POCCARD,NESTOR PEDRO
SENATE,2020,2020-12-29,BUENOS AIRES,6,NEGATIVO,FRENTE PRO,BULLRICH,ESTEBAN JOSE
SENATE,2020,2020-12-29,ENTRE RIOS,30,NEGATIVO,FRENTE PRO,DE ANGELI,ALFREDO LUIS
SENATE,2020,2020-12-29,SALTA,66,NEGATIVO,JUSTICIALISTA 8 DE OCTUBRE,ROMERO,JUAN CARLOS
SENATE,2020,2020-12-29,MISIONES,54,NEGATIVO,MISIONES,SOLARI  QUINTANA,MAGDALENA
SENATE,2020,2020-12-29,SAN JUAN,70,NEGATIVO,PRODUCCION Y TRABAJO,BASUALDO,ROBERTO GUSTAVO
SENATE,2020,2020-12-29,SANTA FE,82,NEGATIVO,SANTA FE FEDERAL,REUTEMANN,CARLOS ALBERTO
SENATE,2020,2020-12-29,TIERRA DEL FUEGO,94,NEGATIVO,UNION CIVICA RADICAL,BLANCO,PABLO DANIEL
SENATE,2020,2020-12-29,MENDOZA,50,NEGATIVO,UNION CIVICA RADICAL,COBOS,JULIO CESAR CLETO
SENATE,2020,2020-12-29,TUCUMAN,90,NEGATIVO,UNION CIVICA RADICAL,ELIAS DE PEREZ,SILVIA BEATRIZ
SENATE,2020,2020-12-29,JUJUY,38,NEGATIVO,UNION CIVICA RADICAL,FIAD,MARIO RAYMUNDO
SENATE,2020,2020-12-29,JUJUY,38,NEGATIVO,UNION CIVICA RADICAL,GIACOPPO,SILVIA DEL ROSARIO
SENATE,2020,2020-12-29,LA PAMPA,42,NEGATIVO,UNION CIVICA RADICAL,MARINO,JUAN CARLOS
SENATE,2020,2020-12-29,LA RIOJA,46,NEGATIVO,UNION CIVICA RADICAL,MARTINEZ,JULIO CESAR
SENATE,2020,2020-12-29,SANTA CRUZ,78,NEGATIVO,UNION CIVICA RADICAL,TAPIA,MARIA BELEN
SENATE,2020,2020-12-29,CHACO,22,NEGATIVO,UNION CIVICA RADICAL,ZIMMERMANN,VICTOR
